Workbook

Sheet Dashboard
A1: DRC EBOLA EPIDEMIOLOGY DASHBOARD | N1: Date | O1: Confirmed cases | P1: Confirmed deaths | Q1: Contacts | S1: Health zone | T1: Total cases | U1: Confirmed attack rate /100k
N2: Column1 | O2: Column2 | P2: Column3 | Q2: Column4 | S2: ='Location Analysis'!A2 | T2: ='Location Analysis'!G2 | U2: ='Location Analysis'!Q2
A3: Situation as of 2026-10-21 | Bundibugyo virus disease | Decision-support view | N3: =TEXT('Time Series'!A2,"dd-mmm") | O3: ='Time Series'!B2 | P3: ='Time Series'!E2 | Q3: ='Time Series'!H2 | S3: ='Location Analysis'!A3 | T3: ='Location Analysis'!G3 | U3: ='Location Analysis'!Q3
A4: Confirmed cases | D4: Confirmed deaths | G4: Confirmed CFR | J4: 7-day velocity | N4: =TEXT('Time Series'!A3,"dd-mmm") | O4: ='Time Series'!B3 | P4: ='Time Series'!E3 | Q4: ='Time Series'!H3 | S4: ='Location Analysis'!A4 | T4: ='Location Analysis'!G4 | U4: ='Location Analysis'!Q4
A5: =SUMIFS('Processed Data'!K:K, 'Processed Data'!H:H, "cases", 'Processed Data'!I:I, "confirmed", 'Processed Data'!G:G, MAX('Processed Data'!G:G)) | D5: ='Executive Summary'!B9 | G5: ='Executive Summary'!B12 | J5: ='Executive Summary'!B17 | N5: =TEXT('Time Series'!A4,"dd-mmm") | O5: ='Time Series'!B4 | P5: ='Time Series'!E4 | Q5: ='Time Series'!H4 | S5: ='Location Analysis'!A5 | T5: ='Location Analysis'!G5 | U5: ='Location Analysis'!Q5
N6: =TEXT('Time Series'!A5,"dd-mmm") | O6: ='Time Series'!B5 | P6: ='Time Series'!E5 | Q6: ='Time Series'!H5 | S6: ='Location Analysis'!A6 | T6: ='Location Analysis'!G6 | U6: ='Location Analysis'!Q6
N7: =TEXT('Time Series'!A6,"dd-mmm") | O7: ='Time Series'!B6 | P7: ='Time Series'!E6 | Q7: ='Time Series'!H6 | S7: ='Location Analysis'!A7 | T7: ='Location Analysis'!G7 | U7: ='Location Analysis'!Q7
N8: =TEXT('Time Series'!A7,"dd-mmm") | O8: ='Time Series'!B7 | P8: ='Time Series'!E7 | Q8: ='Time Series'!H7 | S8: ='Location Analysis'!A8 | T8: ='Location Analysis'!G8 | U8: ='Location Analysis'!Q8
A9: Epidemic trajectory | G9: Geographic burden | N9: =TEXT('Time Series'!A8,"dd-mmm") | O9: ='Time Series'!B8 | P9: ='Time Series'!E8 | Q9: ='Time Series'!H8 | S9: ='Location Analysis'!A9 | T9: ='Location Analysis'!G9 | U9: ='Location Analysis'!Q9
N10: =TEXT('Time Series'!A9,"dd-mmm") | O10: ='Time Series'!B9 | P10: ='Time Series'!E9 | Q10: ='Time Series'!H9 | S10: ='Location Analysis'!A10 | T10: ='Location Analysis'!G10 | U10: ='Location Analysis'!Q10
N11: =TEXT('Time Series'!A10,"dd-mmm") | O11: ='Time Series'!B10 | P11: ='Time Series'!E10 | Q11: ='Time Series'!H10 | S11: ='Location Analysis'!A11 | T11: ='Location Analysis'!G11 | U11: ='Location Analysis'!Q11
N12: =TEXT('Time Series'!A11,"dd-mmm") | O12: ='Time Series'!B11 | P12: ='Time Series'!E11 | Q12: ='Time Series'!H11 | S12: ='Location Analysis'!A12 | T12: ='Location Analysis'!G12 | U12: ='Location Analysis'!Q12
N13: =TEXT('Time Series'!A12,"dd-mmm") | O13: ='Time Series'!B12 | P13: ='Time Series'!E12 | Q13: ='Time Series'!H12 | S13: ='Location Analysis'!A13 | T13: ='Location Analysis'!G13 | U13: ='Location Analysis'!Q13
N14: =TEXT('Time Series'!A13,"dd-mmm") | O14: ='Time Series'!B13 | P14: ='Time Series'!E13 | Q14: ='Time Series'!H13
N15: =TEXT('Time Series'!A14,"dd-mmm") | O15: ='Time Series'!B14 | P15: ='Time Series'!E14 | Q15: ='Time Series'!H14
N16: =TEXT('Time Series'!A15,"dd-mmm") | O16: ='Time Series'!B15 | P16: ='Time Series'!E15 | Q16: ='Time Series'!H15
N17: =TEXT('Time Series'!A16,"dd-mmm") | O17: ='Time Series'!B16 | P17: ='Time Series'!E16 | Q17: ='Time Series'!H16
N18: =TEXT('Time Series'!A17,"dd-mmm") | O18: ='Time Series'!B17 | P18: ='Time Series'!E17 | Q18: ='Time Series'!H17
N19: =TEXT('Time Series'!A18,"dd-mmm") | O19: ='Time Series'!B18 | P19: ='Time Series'!E18 | Q19: ='Time Series'!H18
N20: =TEXT('Time Series'!A19,"dd-mmm") | O20: ='Time Series'!B19 | P20: ='Time Series'!E19 | Q20: ='Time Series'!H19
N21: =TEXT('Time Series'!A20,"dd-mmm") | O21: ='Time Series'!B20 | P21: ='Time Series'!E20 | Q21: ='Time Series'!H20
N22: =TEXT('Time Series'!A21,"dd-mmm") | O22: ='Time Series'!B21 | P22: ='Time Series'!E21 | Q22: ='Time Series'!H21
N23: =TEXT('Time Series'!A22,"dd-mmm") | O23: ='Time Series'!B22 | P23: ='Time Series'!E22 | Q23: ='Time Series'!H22
N24: =TEXT('Time Series'!A23,"dd-mmm") | O24: ='Time Series'!B23 | P24: ='Time Series'!E23 | Q24: ='Time Series'!H23
N25: =TEXT('Time Series'!A24,"dd-mmm") | O25: ='Time Series'!B24 | P25: ='Time Series'!E24 | Q25: ='Time Series'!H24
N26: =TEXT('Time Series'!A25,"dd-mmm") | O26: ='Time Series'!B25 | P26: ='Time Series'!E25 | Q26: ='Time Series'!H25
A27: Response signals | G27: Data reliability signals | N27: =TEXT('Time Series'!A26,"dd-mmm") | O27: ='Time Series'!B26 | P27: ='Time Series'!E26 | Q27: ='Time Series'!H26
A28: Accelerating burden: +856 confirmed cases in 7 days. Prioritize beds, PPE, oxygen/fluids, safe burial capacity, and laboratory throughput in the highest-burden zones. | G28: Contact and suspected series are 57 days stale. Restore daily line-list metrics before treating ratios as operational KPIs. | N28: =TEXT('Time Series'!A27,"dd-mmm") | O28: ='Time Series'!B27 | P28: ='Time Series'!E27 | Q28: ='Time Series'!H27
N29: =TEXT('Time Series'!A28,"dd-mmm") | O29: ='Time Series'!B28 | P29: ='Time Series'!E28 | Q29: ='Time Series'!H28
N30: =TEXT('Time Series'!A29,"dd-mmm") | O30: ='Time Series'!B29 | P30: ='Time Series'!E29 | Q30: ='Time Series'!H29
A31: Mobility-linked surveillance: intensify alert investigation and zero-reporting in Lita, Nizi, Bambu, Kilo and Nyakundé, while sustaining cross-border coordination with Uganda and South Sudan. | G31: 63 downward revisions and 83 missing-location rows: publish a daily reconciliation log and separate report-date from onset-date incidence. | N31: =TEXT('Time Series'!A30,"dd-mmm") | O31: ='Time Series'!B30 | P31: ='Time Series'!E30 | Q31: ='Time Series'!H30
N32: =TEXT('Time Series'!A31,"dd-mmm") | O32: ='Time Series'!B31 | P32: ='Time Series'!E31 | Q32: ='Time Series'!H31
N33: =TEXT('Time Series'!A32,"dd-mmm") | O33: ='Time Series'!B32 | P33: ='Time Series'!E32 | Q33: ='Time Series'!H32
N34: =TEXT('Time Series'!A33,"dd-mmm") | O34: ='Time Series'!B33 | P34: ='Time Series'!E33 | Q34: ='Time Series'!H33
N35: =TEXT('Time Series'!A34,"dd-mmm") | O35: ='Time Series'!B34 | P35: ='Time Series'!E34 | Q35: ='Time Series'!H34
N36: =TEXT('Time Series'!A35,"dd-mmm") | O36: ='Time Series'!B35 | P36: ='Time Series'!E35 | Q36: ='Time Series'!H35
N37: =TEXT('Time Series'!A36,"dd-mmm") | O37: ='Time Series'!B36 | P37: ='Time Series'!E36 | Q37: ='Time Series'!H36
N38: =TEXT('Time Series'!A37,"dd-mmm") | O38: ='Time Series'!B37 | P38: ='Time Series'!E37 | Q38: ='Time Series'!H37
N39: =TEXT('Time Series'!A38,"dd-mmm") | O39: ='Time Series'!B38 | P39: ='Time Series'!E38 | Q39: ='Time Series'!H38
N40: =TEXT('Time Series'!A39,"dd-mmm") | O40: ='Time Series'!B39 | P40: ='Time Series'!E39 | Q40: ='Time Series'!H39
N41: =TEXT('Time Series'!A40,"dd-mmm") | O41: ='Time Series'!B40 | P41: ='Time Series'!E40 | Q41: ='Time Series'!H40
N42: =TEXT('Time Series'!A41,"dd-mmm") | O42: ='Time Series'!B41 | P42: ='Time Series'!E41 | Q42: ='Time Series'!H41
N43: =TEXT('Time Series'!A42,"dd-mmm") | O43: ='Time Series'!B42 | P43: ='Time Series'!E42 | Q43: ='Time Series'!H42
... N76: =TEXT('Time Series'!A75,"dd-mmm") | O76: ='Time Series'!B75 | P76: ='Time Series'!E75 | Q76: ='Time Series'!H75

Sheet Executive Summary
A1: DRC Ebola Epidemiology - Executive Summary
A3: Data cutoff: 2026-10-21 | Source series are cumulative snapshots
A5: Metric | B5: Value | D5: Interpretation and decision implications
A6: Confirmed cases | B6: 19530 | D6: Severity: Confirmed CFR is 43.8%, within the WHO historical Ebola range (25%-90%) and close to the general ~50% average. Outcome lag and reporting revisions remain important.
A7: Suspected cases | B7: 1007
A8: Total cases | B8: =B6+B7 | D8: Acceleration: Confirmed cases increased by 976 in the last 7 days (139.4 per day), while confirmed deaths increased by 498.
A9: Confirmed deaths | B9: 8961
A10: Suspected deaths | B10: 242 | D10: Concentration: 63.0% of latest total cases are concentrated in Bunia, Mongwalu and Rwampara, supporting surge deployment there while sustaining surveillance in mobility-linked zones.
A11: Total deaths | B11: =B9+B10
A12: Confirmed CFR | B12: =IFERROR(B9/B6,0) | D12: Contact tracing: Contacts were last updated on 2026-05-30; the current 1.08 contacts per confirmed case is stale and cannot establish tracing efficiency without follow-up/completion fields.
A13: All-classification CFR | B13: =IFERROR(B11/B8,0)
A14: Latest contacts | B14: 3550 | D14: Data risk: 63 downward cumulative revisions and 83 missing-location rows require reconciliation. Suspected case/death data also stop on 2026-05-30.
A15: Contacts / confirmed case | B15: =IFERROR(B14/B6,0)
A16: 7-day confirmed case growth | B16: 976
A17: 7-day confirmed velocity (per day) | B17: 139.42857
A18: Top-3 case concentration | B18: 0.63027758
A19: Locations with cases | B19: 52

Sheet Data Quality
A1: dimension | B1: check | C1: finding | D1: severity | E1: treatment
A2: Completeness | B2: Missing location | C2: 83 | D2: Critical | E2: Exclude from zone rates; retain as unallocated
A3: Completeness | B3: Missing classification | C3: 126 | D3: Expected for contacts | E3: Document as not applicable, not missing
A4: Timeliness | B4: Contacts end before cutoff | C4: 57 | D4: Critical | E4: Do not interpret current ratio as live tracing performance
A5: Timeliness | B5: Suspected series end before cutoff | C5: 57 | D5: Critical | E5: Treat total-case and all-case CFR trends after May 30 as stale
A6: Consistency | B6: Downward cumulative revisions | C6: 63 | D6: High | E6: Use net-change series and flag revisions
A7: Consistency | B7: Irregular reporting gaps | C7: 697 | D7: Moderate | E7: Carry forward only for current-snapshot display
A8: Redundancy | B8: Unchanged cumulative snapshots | C8: 2969 | D8: Informational | E8: Do not sum snapshots across dates
A9: Uniqueness | B9: Exact duplicate rows | C9: 0 | D9: Pass | E9: No action
A10: Validity | B10: Negative raw counts | C10: 0 | D10: Pass | E10: No action
A11: Validity | B11: Non-integer counts | C11: 0 | D11: Pass | E11: No action

Sheet Time Series
A1: measure | B1: cases | C1: deaths | D1: cases | E1: deaths
A2: case_classification | B2: confirmed | C2: suspected | D2: suspected | E2: confirmed
A3: reference_date
A4: 46156 | B4: 0 | C4: 57 | D4: 0 | E4: 0
A5: 46157 | B5: 13 | C5: 0 | D5: 80 | E5: 0
A6: 46160 | B6: 33 | C6: 131 | D6: 516 | E6: 0
A7: 46161 | B7: 51 | C7: 148 | D7: 575 | E7: 0
A8: 46162 | B8: 57 | C8: 160 | D8: 672 | E8: 0
A9: 46163 | B9: 79 | C9: 175 | D9: 745 | E9: 2
A10: 46164 | B10: 83 | C10: 204 | D10: 872 | E10: 5
A11: 46165 | B11: 95 | C11: 220 | D11: 905 | E11: 5
A12: 46166 | B12: 101 | C12: 223 | D12: 893 | E12: 5
A13: 46167 | B13: 100 | C13: 238 | D13: 998 | E13: 5
A14: 46168 | B14: 111 | C14: 246 | D14: 1064 | E14: 5
A15: 46169 | B15: 119 | C15: 223 | D15: 906 | E15: 5
... A72: 46238 | B72: 3973 | C72: 0 | D72: 0 | E72: 1801

Sheet Location Analysis
A1: location_key | B1: confirmed_cases | C1: suspected_cases | D1: confirmed_deaths | E1: suspected_deaths | F1: contacts | G1: total_cases | H1: total_deaths | I1: confirmed_cfr | J1: all_case_cfr | K1: contact_to_confirmed_case | L1: contact_to_all_case | M1: population_2023_est | N1: province | O1: source_url | P1: confirmed_attack_rate_per_100k | Q1: all_case_attack_rate_per_100k
A2: Bunia | B2: 773 | C2: 268 | D2: 220 | E2: 57 | F2: 404 | G2: 1041 | H2: 277 | I2: 0.28460543 | J2: 0.2660903 | K2: 0.52263907 | L2: 0.38808838 | M2: 229592 | N2: Ituri | O2: https://www.datocms-assets.com/30196/1780068452-2026-ebola-outbreak_unicef-drc-response-plan_maggio-2026.pdf | P2: 336.68421 | Q2: 453.41301
A3: Mongwalu | B3: 506 | C3: 346 | D3: 244 | E3: 88 | F3: 222 | G3: 852 | H3: 332 | I3: 0.48221344 | J3: 0.38967136 | K3: 0.43873518 | L3: 0.26056338 | M3: 114202 | N3: Ituri | O3: https://www.datocms-assets.com/30196/1780068452-2026-ebola-outbreak_unicef-drc-response-plan_maggio-2026.pdf | P3: 443.07455 | Q3: 746.04648
A4: Rwampara | B4: 568 | C4: 241 | D4: 241 | E4: 71 | F4: 697 | G4: 809 | H4: 312 | I4: 0.42429577 | J4: 0.38566131 | K4: 1.2271127 | L4: 0.86155748 | M4: 114800 | N4: Ituri | O4: https://www.datocms-assets.com/30196/1780068452-2026-ebola-outbreak_unicef-drc-response-plan_maggio-2026.pdf | P4: 494.77352 | Q4: 704.70383
A5: Nizi | B5: 357 | C5: 6 | D5: 171 | E5: 2 | F5: 260 | G5: 363 | H5: 173 | I5: 0.4789916 | J5: 0.47658402 | K5: 0.72829132 | L5: 0.71625344 | M5: 121293 | N5: Ituri | O5: https://www.datocms-assets.com/30196/1780068452-2026-ebola-outbreak_unicef-drc-response-plan_maggio-2026.pdf | P5: 294.32861 | Q5: 299.27531
A6: Nyakundé | B6: 114 | C6: 52 | D6: 31 | E6: 12 | F6: 743 | G6: 166 | H6: 43 | I6: 0.27192982 | J6: 0.25903614 | K6: 6.5175439 | L6: 4.4759036 | M6: 83872 | N6: Ituri | O6: https://www.datocms-assets.com/30196/1780068452-2026-ebola-outbreak_unicef-drc-response-plan_maggio-2026.pdf | P6: 135.9214 | Q6: 197.92064
A7: Katwa | B7: 140 | C7: 13 | D7: 88 | E7: 0 | F7: 221 | G7: 153 | H7: 88 | I7: 0.62857143 | J7: 0.5751634 | K7: 1.5785714 | L7: 1.4444444 | M7: 536895 | N7: Nord Kivu | O7: https://www.datocms-assets.com/30196/1780068452-2026-ebola-outbreak_unicef-drc-response-plan_maggio-2026.pdf | P7: 26.075862 | Q7: 28.497192
A8: Lita | B8: 117 | C8: 0 | D8: 66 | E8: 0 | F8: 0 | G8: 117 | H8: 66 | I8: 0.56410256 | J8: 0.56410256 | K8: 0 | L8: 0
A9: Mangala | B9: 100 | C9: 0 | D9: 64 | E9: 0 | F9: 0 | G9: 100 | H9: 64 | I9: 0.64 | J9: 0.64 | K9: 0 | L9: 0 | M9: 79344 | N9: Ituri | O9: https://www.datocms-assets.com/30196/1780068452-2026-ebola-outbreak_unicef-drc-response-plan_maggio-2026.pdf | P9: 126.03347 | Q9: 126.03347
A10: Nia-Nia | B10: 90 | C10: 0 | D10: 47 | E10: 0 | F10: 0 | G10: 90 | H10: 47 | I10: 0.52222222 | J10: 0.52222222 | K10: 0 | L10: 0
A11: Butembo | B11: 73 | C11: 7 | D11: 49 | E11: 0 | F11: 48 | G11: 80 | H11: 49 | I11: 0.67123288 | J11: 0.6125 | K11: 0.65753425 | L11: 0.6 | M11: 265999 | N11: Nord Kivu | O11: https://www.datocms-assets.com/30196/1780068452-2026-ebola-outbreak_unicef-drc-response-plan_maggio-2026.pdf | P11: 27.443712 | Q11: 30.075301
A12: Bambu | B12: 57 | C12: 14 | D12: 11 | E12: 3 | F12: 345 | G12: 71 | H12: 14 | I12: 0.19298246 | J12: 0.1971831 | K12: 6.0526316 | L12: 4.8591549 | M12: 121372 | N12: Ituri | O12: https://www.datocms-assets.com/30196/1780068452-2026-ebola-outbreak_unicef-drc-response-plan_maggio-2026.pdf | P12: 46.963056 | Q12: 58.497841
A13: Beni | B13: 44 | C13: 0 | D13: 34 | E13: 0 | F13: 0 | G13: 44 | H13: 34 | I13: 0.77272727 | J13: 0.77272727 | K13: 0 | L13: 0 | M13: 518212 | N13: Nord Kivu | O13: https://www.datocms-assets.com/30196/1780068452-2026-ebola-outbreak_unicef-drc-response-plan_maggio-2026.pdf | P13: 8.4907335 | Q13: 8.4907335
A14: Tchomia | B14: 40 | C14: 0 | D14: 24 | E14: 0 | F14: 0 | G14: 40 | H14: 24 | I14: 0.6 | J14: 0.6 | K14: 0 | L14: 0
A15: Komanda | B15: 35 | C15: 0 | D15: 24 | E15: 0 | F15: 0 | G15: 35 | H15: 24 | I15: 0.68571429 | J15: 0.68571429 | K15: 0 | L15: 0
A16: Kilo | B16: 23 | C16: 8 | D16: 11 | E16: 2 | F16: 41 | G16: 31 | H16: 13 | I16: 0.47826087 | J16: 0.41935484 | K16: 1.7826087 | L16: 1.3225806
A17: Musienene | B17: 29 | C17: 0 | D17: 19 | E17: 0 | F17: 0 | G17: 29 | H17: 19 | I17: 0.65517241 | J17: 0.65517241 | K17: 0 | L17: 0
A18: Rimba | B18: 8 | C18: 14 | D18: 4 | E18: 4 | F18: 0 | G18: 22 | H18: 8 | I18: 0.5 | J18: 0.36363636 | K18: 0 | L18: 0
A19: Kalunguta | B19: 5 | C19: 13 | D19: 3 | E19: 0 | F19: 0 | G19: 18 | H19: 3 | I19: 0.6 | J19: 0.16666667 | K19: 0 | L19: 0
A20: Fataki | B20: 17 | C20: 1 | D20: 6 | E20: 1 | F20: 0 | G20: 18 | H20: 7 | I20: 0.35294118 | J20: 0.38888889 | K20: 0 | L20: 0 | M20: 109828 | N20: Ituri | O20: https://www.datocms-assets.com/30196/1780068452-2026-ebola-outbreak_unicef-drc-response-plan_maggio-2026.pdf | P20: 15.478749 | Q20: 16.389263
A21: Damas | B21: 16 | C21: 1 | D21: 8 | E21: 0 | F21: 0 | G21: 17 | H21: 8 | I21: 0.5 | J21: 0.47058824 | K21: 0 | L21: 0
A22: [Unallocated] | B22: 17 | C22: 0 | D22: 0 | E22: 0 | F22: 0 | G22: 17 | H22: 0 | I22: 0 | J22: 0 | K22: 0 | L22: 0
A23: Kyondo | B23: 12 | C23: 3 | D23: 7 | E23: 0 | F23: 16 | G23: 15 | H23: 7 | I23: 0.58333333 | J23: 0.46666667 | K23: 1.3333333 | L23: 1.0666667
A24: Mambasa | B24: 9 | C24: 5 | D24: 4 | E24: 1 | F24: 0 | G24: 14 | H24: 5 | I24: 0.44444444 | J24: 0.35714286 | K24: 0 | L24: 0
A25: Mandima | B25: 13 | C25: 0 | D25: 9 | E25: 0 | F25: 0 | G25: 13 | H25: 9 | I25: 0.69230769 | J25: 0.69230769 | K25: 0 | L25: 0
A26: Isiro | B26: 12 | C26: 0 | D26: 7 | E26: 0 | F26: 0 | G26: 12 | H26: 7 | I26: 0.58333333 | J26: 0.58333333 | K26: 0 | L26: 0
A27: Wamba | B27: 11 | C27: 0 | D27: 4 | E27: 0 | F27: 0 | G27: 11 | H27: 4 | I27: 0.36363636 | J27: 0.36363636 | K27: 0 | L27: 0
A28: Adja | B28: 11 | C28: 0 | D28: 1 | E28: 0 | F28: 0 | G28: 11 | H28: 1 | I28: 0.090909091 | J28: 0.090909091 | K28: 0 | L28: 0
A29: Drodro | B29: 10 | C29: 0 | D29: 5 | E29: 0 | F29: 0 | G29: 10 | H29: 5 | I29: 0.5 | J29: 0.5 | K29: 0 | L29: 0
A30: Logo | B30: 9 | C30: 0 | D30: 3 | E30: 0 | F30: 0 | G30: 9 | H30: 3 | I30: 0.33333333 | J30: 0.33333333 | K30: 0 | L30: 0 | M30: 205979 | N30: Ituri | O30: https://www.datocms-assets.com/30196/1780068452-2026-ebola-outbreak_unicef-drc-response-plan_maggio-2026.pdf | P30: 4.3693775 | Q30: 4.3693775
A31: Aru | B31: 5 | C31: 4 | D31: 5 | E31: 1 | F31: 0 | G31: 9 | H31: 6 | I31: 1 | J31: 0.66666667 | K31: 0 | L31: 0
A32: Pawa | B32: 8 | C32: 0 | D32: 6 | E32: 0 | F32: 0 | G32: 8 | H32: 6 | I32: 0.75 | J32: 0.75 | K32: 0 | L32: 0
A33: Ariwara | B33: 7 | C33: 0 | D33: 1 | E33: 0 | F33: 0 | G33: 7 | H33: 1 | I33: 0.14285714 | J33: 0.14285714 | K33: 0 | L33: 0
A34: Boma-Mangbetu | B34: 7 | C34: 0 | D34: 4 | E34: 0 | F34: 0 | G34: 7 | H34: 4 | I34: 0.57142857 | J34: 0.57142857 | K34: 0 | L34: 0
A35: Aungba | B35: 5 | C35: 0 | D35: 4 | E35: 0 | F35: 0 | G35: 5 | H35: 4 | I35: 0.8 | J35: 0.8 | K35: 0 | L35: 0
A36: Karisimbi | B36: 0 | C36: 5 | D36: 0 | E36: 0 | F36: 413 | G36: 5 | H36: 0 | J36: 0 | L36: 82.6 | M36: 641981 | N36: Nord Kivu | O36: https://www.datocms-assets.com/30196/1780068452-2026-ebola-outbreak_unicef-drc-response-plan_maggio-2026.pdf | P36: 0 | Q36: 0.77883925
A37: Gethy | B37: 1 | C37: 3 | D37: 0 | E37: 0 | F37: 0 | G37: 4 | H37: 0 | I37: 0 | J37: 0 | K37: 0 | L37: 0
A38: Miti-murhesa | B38: 3 | C38: 1 | D38: 1 | E38: 0 | F38: 0 | G38: 4 | H38: 1 | I38: 0.33333333 | J38: 0.25 | K38: 0 | L38: 0 | M38: 285000 | N38: Sud Kivu | O38: https://www.datocms-assets.com/30196/1780068452-2026-ebola-outbreak_unicef-drc-response-plan_maggio-2026.pdf | P38: 1.0526316 | Q38: 1.4035088
A39: Oicha | B39: 4 | C39: 0 | D39: 3 | E39: 0 | F39: 0 | G39: 4 | H39: 3 | I39: 0.75 | J39: 0.75 | K39: 0 | L39: 0
A40: Masereka | B40: 4 | C40: 0 | D40: 0 | E40: 0 | F40: 0 | G40: 4 | H40: 0 | I40: 0 | J40: 0 | K40: 0 | L40: 0
A41: Lolwa | B41: 4 | C41: 0 | D41: 1 | E41: 0 | F41: 0 | G41: 4 | H41: 1 | I41: 0.25 | J41: 0.25 | K41: 0 | L41: 0
A42: Mahagi | B42: 3 | C42: 0 | D42: 1 | E42: 0 | F42: 0 | G42: 3 | H42: 1 | I42: 0.33333333 | J42: 0.33333333 | K42: 0 | L42: 0
A43: Makiso-Kisangani | B43: 3 | C43: 0 | D43: 3 | E43: 0 | F43: 0 | G43: 3 | H43: 3 | I43: 1 | J43: 1 | K43: 0 | L43: 0
A44: Kambala | B44: 2 | C44: 0 | D44: 0 | E44: 0 | F44: 0 | G44: 2 | H44: 0 | I44: 0 | J44: 0 | K44: 0 | L44: 0
A45: Jiba | B45: 0 | C45: 2 | D45: 0 | E45: 0 | F45: 0 | G45: 2 | H45: 0 | J45: 0 | L45: 0
A46: Boga | B46: 1 | C46: 0 | D46: 1 | E46: 0 | F46: 0 | G46: 1 | H46: 1 | I46: 1 | J46: 1 | K46: 0 | L46: 0
A47: Goma | B47: 1 | C47: 0 | D47: 0 | E47: 0 | F47: 140 | G47: 1 | H47: 0 | I47: 0 | J47: 0 | K47: 140 | L47: 140 | M47: 245545 | N47: Nord Kivu | O47: https://www.datocms-assets.com/30196/1780068452-2026-ebola-outbreak_unicef-drc-response-plan_maggio-2026.pdf | P47: 0.40725733 | Q47: 0.40725733
A48: Lubunga | B48: 1 | C48: 0 | D48: 0 | E48: 0 | F48: 0 | G48: 1 | H48: 0 | I48: 0 | J48: 0 | K48: 0 | L48: 0
A49: Mabalako | B49: 1 | C49: 0 | D49: 0 | E49: 0 | F49: 0 | G49: 1 | H49: 0 | I49: 0 | J49: 0 | K49: 0 | L49: 0
A50: Lubunga (Tshopo) | B50: 1 | C50: 0 | D50: 0 | E50: 0 | F50: 0 | G50: 1 | H50: 0 | I50: 0 | J50: 0 | K50: 0 | L50: 0
A51: Rungu | B51: 1 | C51: 0 | D51: 0 | E51: 0 | F51: 0 | G51: 1 | H51: 0 | I51: 0 | J51: 0 | K51: 0 | L51: 0
A52: Mangobo | B52: 1 | C52: 0 | D52: 1 | E52: 0 | F52: 0 | G52: 1 | H52: 1 | I52: 1 | J52: 1 | K52: 0 | L52: 0
A53: Vuhovi | B53: 1 | C53: 0 | D53: 1 | E53: 0 | F53: 0 | G53: 1 | H53: 1 | I53: 1 | J53: 1 | K53: 0 | L53: 0
A54: Manguredjipa | B54: 0 | C54: 0 | D54: 0 | E54: 0 | F54: 0 | G54: 0 | H54: 0

Sheet KPI Dictionary
A1: indicator | B1: unit | C1: definition | D1: frequency | E1: use | F1: status
A2: Confirmed cases | B2: count | C2: Latest cumulative confirmed cases | D2: Daily | E2: Situation awareness | F2: Available
A3: Confirmed deaths | B3: count | C3: Latest cumulative confirmed deaths | D3: Daily | E3: Severity | F3: Available
A4: Confirmed CFR | B4: % | C4: Confirmed deaths / confirmed cases | D4: Daily | E4: Severity benchmark vs 25%-90% historical Ebola range | F4: Available; outcome lag caveat
A5: 7-day case velocity | B5: cases/day | C5: Change in confirmed cases over 7 days / 7 | D5: Daily | E5: Transmission/reporting momentum | F5: Available
A6: 7-day death velocity | B6: deaths/day | C6: Change in confirmed deaths over 7 days / 7 | D6: Daily | E6: Mortality momentum | F6: Available
A7: Contact-to-confirmed-case ratio | B7: contacts/case | C7: Current contacts / confirmed cases | D7: Daily | E7: Contact identification breadth | F7: Stale after 2026-05-30
A8: Contact follow-up completion | B8: % | C8: Contacts seen / contacts listed | D8: Daily | E8: Tracing execution | F8: Not available
A9: Lost-to-follow-up rate | B9: % | C9: Contacts lost / contacts listed | D9: Daily | E9: Tracing failure | F9: Not available
A10: Attack rate | B10: cases/100,000 | C10: Cumulative cases / health-zone population x 100,000 | D10: Daily | E10: Population burden | F10: Available for 15 matched zones
A11: Geographic spread | B11: health zones | C11: Zones with at least one case | D11: Daily | E11: Spatial expansion | F11: Available
A12: Top-3 concentration | B12: % | C12: Share of all cases in three highest-burden zones | D12: Daily | E12: Operational concentration | F12: Available
... A14: Reporting timeliness | B14: days | C14: Cutoff minus latest report by series | D14: Daily | E14: Data reliability | F14: Available

Sheet Population
A1: location_key | B1: population_2023_est | C1: province | D1: source_url
A2: Bunia | B2: 229592 | C2: Ituri | D2: https://www.datocms-assets.com/30196/1780068452-2026-ebola-outbreak_unicef-drc-response-plan_maggio-2026.pdf
A3: Rwampara | B3: 114800 | C3: Ituri | D3: https://www.datocms-assets.com/30196/1780068452-2026-ebola-outbreak_unicef-drc-response-plan_maggio-2026.pdf
A4: Mongwalu | B4: 114202 | C4: Ituri | D4: https://www.datocms-assets.com/30196/1780068452-2026-ebola-outbreak_unicef-drc-response-plan_maggio-2026.pdf
A5: Logo | B5: 205979 | C5: Ituri | D5: https://www.datocms-assets.com/30196/1780068452-2026-ebola-outbreak_unicef-drc-response-plan_maggio-2026.pdf
A6: Fataki | B6: 109828 | C6: Ituri | D6: https://www.datocms-assets.com/30196/1780068452-2026-ebola-outbreak_unicef-drc-response-plan_maggio-2026.pdf
A7: Nizi | B7: 121293 | C7: Ituri | D7: https://www.datocms-assets.com/30196/1780068452-2026-ebola-outbreak_unicef-drc-response-plan_maggio-2026.pdf
A8: Bambu | B8: 121372 | C8: Ituri | D8: https://www.datocms-assets.com/30196/1780068452-2026-ebola-outbreak_unicef-drc-response-plan_maggio-2026.pdf
A9: Mangala | B9: 79344 | C9: Ituri | D9: https://www.datocms-assets.com/30196/1780068452-2026-ebola-outbreak_unicef-drc-response-plan_maggio-2026.pdf
A10: Nyakundé | B10: 83872 | C10: Ituri | D10: https://www.datocms-assets.com/30196/1780068452-2026-ebola-outbreak_unicef-drc-response-plan_maggio-2026.pdf
A11: Katwa | B11: 536895 | C11: Nord Kivu | D11: https://www.datocms-assets.com/30196/1780068452-2026-ebola-outbreak_unicef-drc-response-plan_maggio-2026.pdf
A12: Goma | B12: 245545 | C12: Nord Kivu | D12: https://www.datocms-assets.com/30196/1780068452-2026-ebola-outbreak_unicef-drc-response-plan_maggio-2026.pdf
A13: Karisimbi | B13: 641981 | C13: Nord Kivu | D13: https://www.datocms-assets.com/30196/1780068452-2026-ebola-outbreak_unicef-drc-response-plan_maggio-2026.pdf
... A16: Miti-murhesa | B16: 285000 | C16: Sud Kivu | D16: https://www.datocms-assets.com/30196/1780068452-2026-ebola-outbreak_unicef-drc-response-plan_maggio-2026.pdf

Sheet Sources
A1: source | B1: use | C1: url
A2: WHO Ebola fact sheet | B2: Historical Ebola CFR 25%-90%; average around 50%; response package | C2: https://www.who.int/news-room/fact-sheets/detail/ebola-disease
A3: WHO DON606, 11 Jun 2026 | B3: Confirmed-case/death context, backlog warning, risk assessment | C3: https://www.who.int/emergencies/disease-outbreak-news/item/2026-DON606
A4: WHO DON602, 21 May 2026 | B4: Outbreak declaration, early event context, BVD CFR 30%-50% in prior outbreaks | C4: https://www.who.int/emergencies/disease-outbreak-news/item/2026-DON602
A5: UNICEF DRC response plan, May 2026 | B5: 2023 estimated health-zone populations used for attack-rate denominators | C5: https://www.datocms-assets.com/30196/1780068452-2026-ebola-outbreak_unicef-drc-response-plan_maggio-2026.pdf
A6: Flowminder mobility report, 4 Jun 2026 | B6: Mobility-based importation risk and priority destination zones | C6: https://www.flowminder.org/resources/publications-reports/drc-reports-publications/population-movements-from-bunia-mongbwalu-and-rwampara-based-on-privacy-secure-analysis-of-mobile-operator-data-from-vodacom-congo-04-june-2026

Sheet Raw Data
A1: location_name | B1: reference_date | C1: Period | D1: Column1 | E1: measure | F1: case_classification | G1: time_period | H1: Count
A2: Mongbalu | B2: 46156 | C2: May -Wk2 | D2: May | E2: cases | F2: confirmed | G2: cumulative | H2: 0
A3: Mongbalu | B3: 46156 | C3: May -Wk2 | D3: May | E3: contacts | G3: cumulative | H3: 82
A4: Mongbalu | B4: 46156 | C4: May -Wk2 | D4: May | E4: deaths | F4: suspected | G4: cumulative | H4: 57
A5: Bunia | B5: 46157 | C5: May -Wk3 | D5: May | E5: cases | F5: confirmed | G5: cumulative | H5: 0
A6: Bunia | B6: 46157 | C6: May -Wk3 | D6: May | E6: cases | F6: suspected | G6: cumulative | H6: 8
A7: Mongbalu | B7: 46157 | C7: May -Wk3 | D7: May | E7: cases | F7: confirmed | G7: cumulative | H7: 0
A8: Rwampara | B8: 46157 | C8: May -Wk3 | D8: May | E8: cases | F8: confirmed | G8: cumulative | H8: 13
A9: Rwampara | B9: 46157 | C9: May -Wk3 | D9: May | E9: cases | F9: suspected | G9: cumulative | H9: 72
A10: Bunia | B10: 46160 | C10: May -Wk3 | D10: May | E10: cases | F10: confirmed | G10: cumulative | H10: 6
A11: Bunia | B11: 46160 | C11: May -Wk3 | D11: May | E11: cases | F11: suspected | G11: cumulative | H11: 61
A12: Bunia | B12: 46160 | C12: May -Wk3 | D12: May | E12: contacts | G12: cumulative | H12: 127
A13: Bunia | B13: 46160 | C13: May -Wk3 | D13: May | E13: deaths | F13: suspected | G13: cumulative | H13: 18
A14: Butembo | B14: 46160 | C14: May -Wk3 | D14: May | E14: cases | F14: confirmed | G14: cumulative | H14: 1
A15: Butembo | B15: 46160 | C15: May -Wk3 | D15: May | E15: cases | F15: suspected | G15: cumulative | H15: 1
A16: Goma | B16: 46160 | C16: May -Wk3 | D16: May | E16: cases | F16: confirmed | G16: cumulative | H16: 1
A17: Goma | B17: 46160 | C17: May -Wk3 | D17: May | E17: cases | F17: suspected | G17: cumulative | H17: 1
A18: Katwa | B18: 46160 | C18: May -Wk3 | D18: May | E18: cases | F18: confirmed | G18: cumulative | H18: 1
A19: Katwa | B19: 46160 | C19: May -Wk3 | D19: May | E19: cases | F19: suspected | G19: cumulative | H19: 1
A20: Mongbalu | B20: 46160 | C20: May -Wk3 | D20: May | E20: cases | F20: confirmed | G20: cumulative | H20: 1
A21: Mongbalu | B21: 46160 | C21: May -Wk3 | D21: May | E21: cases | F21: suspected | G21: cumulative | H21: 302
A22: Mongbalu | B22: 46160 | C22: May -Wk3 | D22: May | E22: contacts | G22: cumulative | H22: 161
A23: Mongbalu | B23: 46160 | C23: May -Wk3 | D23: May | E23: deaths | F23: suspected | G23: cumulative | H23: 74
A24: Nyakunde | B24: 46160 | C24: May -Wk3 | D24: May | E24: cases | F24: confirmed | G24: cumulative | H24: 4
A25: Nyakunde | B25: 46160 | C25: May -Wk3 | D25: May | E25: cases | F25: suspected | G25: cumulative | H25: 14
A26: Nyakunde | B26: 46160 | C26: May -Wk3 | D26: May | E26: contacts | G26: cumulative | H26: 133
A27: Nyakunde | B27: 46160 | C27: May -Wk3 | D27: May | E27: deaths | F27: suspected | G27: cumulative | H27: 1
A28: Rwampara | B28: 46160 | C28: May -Wk3 | D28: May | E28: cases | F28: confirmed | G28: cumulative | H28: 19
A29: Rwampara | B29: 46160 | C29: May -Wk3 | D29: May | E29: cases | F29: suspected | G29: cumulative | H29: 136
A30: Rwampara | B30: 46160 | C30: May -Wk3 | D30: May | E30: contacts | G30: cumulative | H30: 120
A31: Rwampara | B31: 46160 | C31: May -Wk3 | D31: May | E31: deaths | F31: suspected | G31: cumulative | H31: 38
A32: Bunia | B32: 46161 | C32: May -Wk3 | D32: May | E32: cases | F32: confirmed | G32: cumulative | H32: 6
A33: Bunia | B33: 46161 | C33: May -Wk3 | D33: May | E33: cases | F33: suspected | G33: cumulative | H33: 90
A34: Bunia | B34: 46161 | C34: May -Wk3 | D34: May | E34: contacts | G34: cumulative | H34: 203
A35: Bunia | B35: 46161 | C35: May -Wk3 | D35: May | E35: deaths | F35: confirmed | G35: cumulative | H35: 0
A36: Bunia | B36: 46161 | C36: May -Wk3 | D36: May | E36: deaths | F36: suspected | G36: cumulative | H36: 23
A37: Butembo | B37: 46161 | C37: May -Wk3 | D37: May | E37: cases | F37: confirmed | G37: cumulative | H37: 1
A38: Butembo | B38: 46161 | C38: May -Wk3 | D38: May | E38: cases | F38: suspected | G38: cumulative | H38: 1
A39: Goma | B39: 46161 | C39: May -Wk3 | D39: May | E39: cases | F39: confirmed | G39: cumulative | H39: 1
A40: Goma | B40: 46161 | C40: May -Wk3 | D40: May | E40: cases | F40: suspected | G40: cumulative | H40: 1
A41: Katwa | B41: 46161 | C41: May -Wk3 | D41: May | E41: cases | F41: confirmed | G41: cumulative | H41: 1
A42: Katwa | B42: 46161 | C42: May -Wk3 | D42: May | E42: cases | F42: suspected | G42: cumulative | H42: 1
A43: Mongbalu | B43: 46161 | C43: May -Wk3 | D43: May | E43: cases | F43: confirmed | G43: cumulative | H43: 13
A44: Mongbalu | B44: 46161 | C44: May -Wk3 | D44: May | E44: cases | F44: suspected | G44: cumulative | H44: 309
A45: Mongbalu | B45: 46161 | C45: May -Wk3 | D45: May | E45: contacts | G45: cumulative | H45: 176
A46: Mongbalu | B46: 46161 | C46: May -Wk3 | D46: May | E46: deaths | F46: confirmed | G46: cumulative | H46: 0
A47: Mongbalu | B47: 46161 | C47: May -Wk3 | D47: May | E47: deaths | F47: suspected | G47: cumulative | H47: 77
A48: Nyakunde | B48: 46161 | C48: May -Wk3 | D48: May | E48: cases | F48: confirmed | G48: cumulative | H48: 4
A49: Nyakunde | B49: 46161 | C49: May -Wk3 | D49: May | E49: cases | F49: suspected | G49: cumulative | H49: 19
A50: Nyakunde | B50: 46161 | C50: May -Wk3 | D50: May | E50: contacts | G50: cumulative | H50: 133
A51: Nyakunde | B51: 46161 | C51: May -Wk3 | D51: May | E51: deaths | F51: confirmed | G51: cumulative | H51: 0
A52: Nyakunde | B52: 46161 | C52: May -Wk3 | D52: May | E52: deaths | F52: suspected | G52: cumulative | H52: 5
A53: Rwampara | B53: 46161 | C53: May -Wk3 | D53: May | E53: cases | F53: confirmed | G53: cumulative | H53: 25
A54: Rwampara | B54: 46161 | C54: May -Wk3 | D54: May | E54: cases | F54: suspected | G54: cumulative | H54: 154
A55: Rwampara | B55: 46161 | C55: May -Wk3 | D55: May | E55: contacts | G55: cumulative | H55: 335
A56: Rwampara | B56: 46161 | C56: May -Wk3 | D56: May | E56: deaths | F56: confirmed | G56: cumulative | H56: 0
A57: Rwampara | B57: 46161 | C57: May -Wk3 | D57: May | E57: deaths | F57: suspected | G57: cumulative | H57: 43
A58: Bambu | B58: 46162 | C58: May -Wk3 | D58: May | E58: cases | F58: confirmed | G58: cumulative | H58: 1
A59: Bambu | B59: 46162 | C59: May -Wk3 | D59: May | E59: cases | F59: suspected | G59: cumulative | H59: 2
A60: Bambu | B60: 46162 | C60: May -Wk3 | D60: May | E60: contacts | G60: cumulative | H60: 128
A61: Bunia | B61: 46162 | C61: May -Wk3 | D61: May | E61: cases | F61: confirmed | G61: cumulative | H61: 11
A62: Bunia | B62: 46162 | C62: May -Wk3 | D62: May | E62: cases | F62: suspected | G62: cumulative | H62: 125
A63: Bunia | B63: 46162 | C63: May -Wk3 | D63: May | E63: contacts | G63: cumulative | H63: 203
A64: Bunia | B64: 46162 | C64: May -Wk3 | D64: May | E64: deaths | F64: confirmed | G64: cumulative | H64: 0
A65: Bunia | B65: 46162 | C65: May -Wk3 | D65: May | E65: deaths | F65: suspected | G65: cumulative | H65: 31
A66: Butembo | B66: 46162 | C66: May -Wk3 | D66: May | E66: cases | F66: confirmed | G66: cumulative | H66: 1
A67: Butembo | B67: 46162 | C67: May -Wk3 | D67: May | E67: cases | F67: suspected | G67: cumulative | H67: 7
A68: Butembo | B68: 46162 | C68: May -Wk3 | D68: May | E68: deaths | F68: suspected | G68: cumulative | H68: 0
A69: Goma | B69: 46162 | C69: May -Wk3 | D69: May | E69: cases | F69: confirmed | G69: cumulative | H69: 1
A70: Goma | B70: 46162 | C70: May -Wk3 | D70: May | E70: cases | F70: suspected | G70: cumulative | H70: 1
A71: Goma | B71: 46162 | C71: May -Wk3 | D71: May | E71: deaths | F71: suspected | G71: cumulative | H71: 0
A72: Katwa | B72: 46162 | C72: May -Wk3 | D72: May | E72: cases | F72: confirmed | G72: cumulative | H72: 1
A73: Katwa | B73: 46162 | C73: May -Wk3 | D73: May | E73: cases | F73: suspected | G73: cumulative | H73: 13
A74: Katwa | B74: 46162 | C74: May -Wk3 | D74: May | E74: deaths | F74: suspected | G74: cumulative | H74: 0
A75: Mongbalu | B75: 46162 | C75: May -Wk3 | D75: May | E75: cases | F75: confirmed | G75: cumulative | H75: 13
A76: Mongbalu | B76: 46162 | C76: May -Wk3 | D76: May | E76: cases | F76: suspected | G76: cumulative | H76: 317
A77: Mongbalu | B77: 46162 | C77: May -Wk3 | D77: May | E77: contacts | G77: cumulative | H77: 176
A78: Mongbalu | B78: 46162 | C78: May -Wk3 | D78: May | E78: deaths | F78: confirmed | G78: cumulative | H78: 0
A79: Mongbalu | B79: 46162 | C79: May -Wk3 | D79: May | E79: deaths | F79: suspected | G79: cumulative | H79: 80
A80: Nyakunde | B80: 46162 | C80: May -Wk3 | D80: May | E80: cases | F80: confirmed | G80: cumulative | H80: 5
A81: Nyakunde | B81: 46162 | C81: May -Wk3 | D81: May | E81: cases | F81: suspected | G81: cumulative | H81: 28
A82: Nyakunde | B82: 46162 | C82: May -Wk3 | D82: May | E82: contacts | G82: cumulative | H82: 133
A83: Nyakunde | B83: 46162 | C83: May -Wk3 | D83: May | E83: deaths | F83: confirmed | G83: cumulative | H83: 0
A84: Nyakunde | B84: 46162 | C84: May -Wk3 | D84: May | E84: deaths | F84: suspected | G84: cumulative | H84: 5
A85: Rwampara | B85: 46162 | C85: May -Wk3 | D85: May | E85: cases | F85: confirmed | G85: cumulative | H85: 24
A86: Rwampara | B86: 46162 | C86: May -Wk3 | D86: May | E86: cases | F86: suspected | G86: cumulative | H86: 179
A87: Rwampara | B87: 46162 | C87: May -Wk3 | D87: May | E87: contacts | G87: cumulative | H87: 621
A88: Rwampara | B88: 46162 | C88: May -Wk3 | D88: May | E88: deaths | F88: confirmed | G88: cumulative | H88: 0
A89: Rwampara | B89: 46162 | C89: May -Wk3 | D89: May | E89: deaths | F89: suspected | G89: cumulative | H89: 44
A90: Bambu | B90: 46163 | C90: May -Wk3 | D90: May | E90: cases | F90: confirmed | G90: cumulative | H90: 1
A91: Bambu | B91: 46163 | C91: May -Wk3 | D91: May | E91: cases | F91: suspected | G91: cumulative | H91: 2
A92: Bambu | B92: 46163 | C92: May -Wk3 | D92: May | E92: deaths | F92: confirmed | G92: cumulative | H92: 0
A93: Bambu | B93: 46163 | C93: May -Wk3 | D93: May | E93: deaths | F93: suspected | G93: cumulative | H93: 0
A94: Bunia | B94: 46163 | C94: May -Wk3 | D94: May | E94: cases | F94: confirmed | G94: cumulative | H94: 15
A95: Bunia | B95: 46163 | C95: May -Wk3 | D95: May | E95: cases | F95: suspected | G95: cumulative | H95: 166
A96: Bunia | B96: 46163 | C96: May -Wk3 | D96: May | E96: contacts | G96: cumulative | H96: 290
A97: Bunia | B97: 46163 | C97: May -Wk3 | D97: May | E97: deaths | F97: confirmed | G97: cumulative | H97: 1
A98: Bunia | B98: 46163 | C98: May -Wk3 | D98: May | E98: deaths | F98: suspected | G98: cumulative | H98: 34
A99: Butembo | B99: 46163 | C99: May -Wk3 | D99: May | E99: cases | F99: confirmed | G99: cumulative | H99: 2
A100: Butembo | B100: 46163 | C100: May -Wk3 | D100: May | E100: cases | F100: suspected | G100: cumulative | H100: 7
...

Sheet Processed Data
A1: location_country | B1: location_level | C1: location_name | D1: location_name_source | E1: location_code | F1: location_code_type | G1: reference_date | H1: measure | I1: case_classification | J1: time_period | K1: value | L1: unit | M1: source | N1: source_url | O1: source_indicator_name | P1: indicator_label | Q1: reporting_period_start | R1: reporting_period_end | S1: last_updated | T1: data_quality_flag | U1: notes | V1: previous_value | W1: daily_net_change | X1: previous_date | Y1: days_since_last_report | Z1: dq_status | AA1: velocity_7day
A2: COD | B2: 3 | C2: Adja | D2: Adja | E2: CD540902 | F2: pcode | G2: 46222 | H2: cases | I2: confirmed | J2: cumulative | K2: 10 | L2: count | M2: INRB-UMIE | N2: https://raw.githubusercontent.com/INRB-UMIE/BDBV2026-Data/main/data/insp_sitrep/processed/insp_sitrep__cumulative_confirmed_cases__daily.csv | Z2: Normal
A3: COD | B3: 3 | C3: Adja | D3: Adja | E3: CD540902 | F3: pcode | G3: 46223 | H3: cases | I3: confirmed | J3: cumulative | K3: 10 | L3: count | M3: INRB-UMIE | N3: https://raw.githubusercontent.com/INRB-UMIE/BDBV2026-Data/main/data/insp_sitrep/processed/insp_sitrep__cumulative_confirmed_cases__daily.csv | V3: 10 | W3: 0 | X3: 46222 | Y3: 1 | Z3: Normal | AA3: 0
A4: COD | B4: 3 | C4: Adja | D4: Adja | E4: CD540902 | F4: pcode | G4: 46225 | H4: cases | I4: confirmed | J4: cumulative | K4: 10 | L4: count | M4: INRB-UMIE | N4: https://raw.githubusercontent.com/INRB-UMIE/BDBV2026-Data/main/data/insp_sitrep/processed/insp_sitrep__cumulative_confirmed_cases__daily.csv | V4: 10 | W4: 0 | X4: 46223 | Y4: 2 | Z4: Reporting Gap (>1 Day) | AA4: 0
A5: COD | B5: 3 | C5: Adja | D5: Adja | E5: CD540902 | F5: pcode | G5: 46226 | H5: cases | I5: confirmed | J5: cumulative | K5: 10 | L5: count | M5: INRB-UMIE | N5: https://raw.githubusercontent.com/INRB-UMIE/BDBV2026-Data/main/data/insp_sitrep/processed/insp_sitrep__cumulative_confirmed_cases__daily.csv | V5: 10 | W5: 0 | X5: 46225 | Y5: 1 | Z5: Normal | AA5: 0
A6: COD | B6: 3 | C6: Adja | D6: Adja | E6: CD540902 | F6: pcode | G6: 46228 | H6: cases | I6: confirmed | J6: cumulative | K6: 11 | L6: count | M6: INRB-UMIE | N6: https://raw.githubusercontent.com/INRB-UMIE/BDBV2026-Data/main/data/insp_sitrep/processed/insp_sitrep__cumulative_confirmed_cases__daily.csv | V6: 10 | W6: 1 | X6: 46226 | Y6: 2 | Z6: Reporting Gap (>1 Day) | AA6: 0.25
A7: COD | B7: 3 | C7: Adja | D7: Adja | E7: CD540902 | F7: pcode | G7: 46229 | H7: cases | I7: confirmed | J7: cumulative | K7: 11 | L7: count | M7: INRB-UMIE | N7: https://raw.githubusercontent.com/INRB-UMIE/BDBV2026-Data/main/data/insp_sitrep/processed/insp_sitrep__cumulative_confirmed_cases__daily.csv | V7: 11 | W7: 0 | X7: 46228 | Y7: 1 | Z7: Normal | AA7: 0.2
A8: COD | B8: 3 | C8: Adja | D8: Adja | E8: CD540902 | F8: pcode | G8: 46230 | H8: cases | I8: confirmed | J8: cumulative | K8: 11 | L8: count | M8: INRB-UMIE | N8: https://raw.githubusercontent.com/INRB-UMIE/BDBV2026-Data/main/data/insp_sitrep/processed/insp_sitrep__cumulative_confirmed_cases__daily.csv | V8: 11 | W8: 0 | X8: 46229 | Y8: 1 | Z8: Normal | AA8: 0.16666667
A9: COD | B9: 3 | C9: Adja | D9: Adja | E9: CD540902 | F9: pcode | G9: 46233 | H9: cases | I9: confirmed | J9: cumulative | K9: 11 | L9: count | M9: INRB-UMIE | N9: https://raw.githubusercontent.com/INRB-UMIE/BDBV2026-Data/main/data/insp_sitrep/processed/insp_sitrep__cumulative_confirmed_cases__daily.csv | V9: 11 | W9: 0 | X9: 46230 | Y9: 3 | Z9: Reporting Gap (>1 Day) | AA9: 0.14285714
A10: COD | B10: 3 | C10: Adja | D10: Adja | E10: CD540902 | F10: pcode | G10: 46234 | H10: cases | I10: confirmed | J10: cumulative | K10: 11 | L10: count | M10: INRB-UMIE | N10: https://raw.githubusercontent.com/INRB-UMIE/BDBV2026-Data/main/data/insp_sitrep/processed/insp_sitrep__cumulative_confirmed_cases__daily.csv | V10: 11 | W10: 0 | X10: 46233 | Y10: 1 | Z10: Normal | AA10: 0.14285714
A11: COD | B11: 3 | C11: Adja | D11: Adja | E11: CD540902 | F11: pcode | G11: 46235 | H11: cases | I11: confirmed | J11: cumulative | K11: 11 | L11: count | M11: INRB-UMIE | N11: https://raw.githubusercontent.com/INRB-UMIE/BDBV2026-Data/main/data/insp_sitrep/processed/insp_sitrep__cumulative_confirmed_cases__daily.csv | V11: 11 | W11: 0 | X11: 46234 | Y11: 1 | Z11: Normal | AA11: 0.14285714
A12: COD | B12: 3 | C12: Adja | D12: Adja | E12: CD540902 | F12: pcode | G12: 46236 | H12: cases | I12: confirmed | J12: cumulative | K12: 11 | L12: count | M12: INRB-UMIE | N12: https://raw.githubusercontent.com/INRB-UMIE/BDBV2026-Data/main/data/insp_sitrep/processed/insp_sitrep__cumulative_confirmed_cases__daily.csv | V12: 11 | W12: 0 | X12: 46235 | Y12: 1 | Z12: Normal | AA12: 0.14285714
A13: COD | B13: 3 | C13: Adja | D13: Adja | E13: CD540902 | F13: pcode | G13: 46237 | H13: cases | I13: confirmed | J13: cumulative | K13: 11 | L13: count | M13: INRB-UMIE | N13: https://raw.githubusercontent.com/INRB-UMIE/BDBV2026-Data/main/data/insp_sitrep/processed/insp_sitrep__cumulative_confirmed_cases__daily.csv | V13: 11 | W13: 0 | X13: 46236 | Y13: 1 | Z13: Normal | AA13: 0
A14: COD | B14: 3 | C14: Adja | D14: Adja | E14: CD540902 | F14: pcode | G14: 46238 | H14: cases | I14: confirmed | J14: cumulative | K14: 11 | L14: count | M14: INRB-UMIE | N14: https://raw.githubusercontent.com/INRB-UMIE/BDBV2026-Data/main/data/insp_sitrep/processed/insp_sitrep__cumulative_confirmed_cases__daily.csv | V14: 11 | W14: 0 | X14: 46237 | Y14: 1 | Z14: Normal | AA14: 0
... A74: COD | B74: 3 | C74: Adja | D74: Adja | E74: CD540902 | F74: pcode | G74: 46316 | H74: cases | I74: confirmed | J74: cumulative | K74: 11 | L74: count | M74: INRB-UMIE | N74: https://raw.githubusercontent.com/INRB-UMIE/BDBV2026-Data/main/data/insp_sitrep/processed/insp_sitrep__cumulative_confirmed_cases__daily.csv | V74: 11 | W74: 0 | X74: 46314 | Y74: 2 | Z74: Reporting Gap (>1 Day) | AA74: 0
A75: COD | B75: 3 | C75: Adja | D75: Adja | E75: CD540902 | F75: pcode | G75: 46222 | H75: deaths | I75: confirmed | J75: cumulative | K75: 1 | L75: count | M75: INRB-UMIE | N75: https://raw.githubusercontent.com/INRB-UMIE/BDBV2026-Data/main/data/insp_sitrep/processed/insp_sitrep__cumulative_confirmed_deaths__daily.csv | Z75: Normal
A76: COD | B76: 3 | C76: Adja | D76: Adja | E76: CD540902 | F76: pcode | G76: 46223 | H76: deaths | I76: confirmed | J76: cumulative | K76: 1 | L76: count | M76: INRB-UMIE | N76: https://raw.githubusercontent.com/INRB-UMIE/BDBV2026-Data/main/data/insp_sitrep/processed/insp_sitrep__cumulative_confirmed_deaths__daily.csv | V76: 1 | W76: 0 | X76: 46222 | Y76: 1 | Z76: Normal | AA76: 0
A77: COD | B77: 3 | C77: Adja | D77: Adja | E77: CD540902 | F77: pcode | G77: 46225 | H77: deaths | I77: confirmed | J77: cumulative | K77: 1 | L77: count | M77: INRB-UMIE | N77: https://raw.githubusercontent.com/INRB-UMIE/BDBV2026-Data/main/data/insp_sitrep/processed/insp_sitrep__cumulative_confirmed_deaths__daily.csv | V77: 1 | W77: 0 | X77: 46223 | Y77: 2 | Z77: Reporting Gap (>1 Day) | AA77: 0
A78: COD | B78: 3 | C78: Adja | D78: Adja | E78: CD540902 | F78: pcode | G78: 46226 | H78: deaths | I78: confirmed | J78: cumulative | K78: 1 | L78: count | M78: INRB-UMIE | N78: https://raw.githubusercontent.com/INRB-UMIE/BDBV2026-Data/main/data/insp_sitrep/processed/insp_sitrep__cumulative_confirmed_deaths__daily.csv | V78: 1 | W78: 0 | X78: 46225 | Y78: 1 | Z78: Normal | AA78: 0
A79: COD | B79: 3 | C79: Adja | D79: Adja | E79: CD540902 | F79: pcode | G79: 46228 | H79: deaths | I79: confirmed | J79: cumulative | K79: 1 | L79: count | M79: INRB-UMIE | N79: https://raw.githubusercontent.com/INRB-UMIE/BDBV2026-Data/main/data/insp_sitrep/processed/insp_sitrep__cumulative_confirmed_deaths__daily.csv | V79: 1 | W79: 0 | X79: 46226 | Y79: 2 | Z79: Reporting Gap (>1 Day) | AA79: 0
A80: COD | B80: 3 | C80: Adja | D80: Adja | E80: CD540902 | F80: pcode | G80: 46229 | H80: deaths | I80: confirmed | J80: cumulative | K80: 1 | L80: count | M80: INRB-UMIE | N80: https://raw.githubusercontent.com/INRB-UMIE/BDBV2026-Data/main/data/insp_sitrep/processed/insp_sitrep__cumulative_confirmed_deaths__daily.csv | V80: 1 | W80: 0 | X80: 46228 | Y80: 1 | Z80: Normal | AA80: 0
A81: COD | B81: 3 | C81: Adja | D81: Adja | E81: CD540902 | F81: pcode | G81: 46230 | H81: deaths | I81: confirmed | J81: cumulative | K81: 1 | L81: count | M81: INRB-UMIE | N81: https://raw.githubusercontent.com/INRB-UMIE/BDBV2026-Data/main/data/insp_sitrep/processed/insp_sitrep__cumulative_confirmed_deaths__daily.csv | V81: 1 | W81: 0 | X81: 46229 | Y81: 1 | Z81: Normal | AA81: 0
A82: COD | B82: 3 | C82: Adja | D82: Adja | E82: CD540902 | F82: pcode | G82: 46233 | H82: deaths | I82: confirmed | J82: cumulative | K82: 1 | L82: count | M82: INRB-UMIE | N82: https://raw.githubusercontent.com/INRB-UMIE/BDBV2026-Data/main/data/insp_sitrep/processed/insp_sitrep__cumulative_confirmed_deaths__daily.csv | V82: 1 | W82: 0 | X82: 46230 | Y82: 3 | Z82: Reporting Gap (>1 Day) | AA82: 0
A83: COD | B83: 3 | C83: Adja | D83: Adja | E83: CD540902 | F83: pcode | G83: 46234 | H83: deaths | I83: confirmed | J83: cumulative | K83: 1 | L83: count | M83: INRB-UMIE | N83: https://raw.githubusercontent.com/INRB-UMIE/BDBV2026-Data/main/data/insp_sitrep/processed/insp_sitrep__cumulative_confirmed_deaths__daily.csv | V83: 1 | W83: 0 | X83: 46233 | Y83: 1 | Z83: Normal | AA83: 0
A84: COD | B84: 3 | C84: Adja | D84: Adja | E84: CD540902 | F84: pcode | G84: 46235 | H84: deaths | I84: confirmed | J84: cumulative | K84: 1 | L84: count | M84: INRB-UMIE | N84: https://raw.githubusercontent.com/INRB-UMIE/BDBV2026-Data/main/data/insp_sitrep/processed/insp_sitrep__cumulative_confirmed_deaths__daily.csv | V84: 1 | W84: 0 | X84: 46234 | Y84: 1 | Z84: Normal | AA84: 0
A85: COD | B85: 3 | C85: Adja | D85: Adja | E85: CD540902 | F85: pcode | G85: 46236 | H85: deaths | I85: confirmed | J85: cumulative | K85: 1 | L85: count | M85: INRB-UMIE | N85: https://raw.githubusercontent.com/INRB-UMIE/BDBV2026-Data/main/data/insp_sitrep/processed/insp_sitrep__cumulative_confirmed_deaths__daily.csv | V85: 1 | W85: 0 | X85: 46235 | Y85: 1 | Z85: Normal | AA85: 0
A86: COD | B86: 3 | C86: Adja | D86: Adja | E86: CD540902 | F86: pcode | G86: 46237 | H86: deaths | I86: confirmed | J86: cumulative | K86: 1 | L86: count | M86: INRB-UMIE | N86: https://raw.githubusercontent.com/INRB-UMIE/BDBV2026-Data/main/data/insp_sitrep/processed/insp_sitrep__cumulative_confirmed_deaths__daily.csv | V86: 1 | W86: 0 | X86: 46236 | Y86: 1 | Z86: Normal | AA86: 0
A87: COD | B87: 3 | C87: Adja | D87: Adja | E87: CD540902 | F87: pcode | G87: 46238 | H87: deaths | I87: confirmed | J87: cumulative | K87: 1 | L87: count | M87: INRB-UMIE | N87: https://raw.githubusercontent.com/INRB-UMIE/BDBV2026-Data/main/data/insp_sitrep/processed/insp_sitrep__cumulative_confirmed_deaths__daily.csv | V87: 1 | W87: 0 | X87: 46237 | Y87: 1 | Z87: Normal | AA87: 0
... A147: COD | B147: 3 | C147: Adja | D147: Adja | E147: CD540902 | F147: pcode | G147: 46316 | H147: deaths | I147: confirmed | J147: cumulative | K147: 1 | L147: count | M147: INRB-UMIE | N147: https://raw.githubusercontent.com/INRB-UMIE/BDBV2026-Data/main/data/insp_sitrep/processed/insp_sitrep__cumulative_confirmed_deaths__daily.csv | V147: 1 | W147: 0 | X147: 46314 | Y147: 2 | Z147: Reporting Gap (>1 Day) | AA147: 0
A148: COD | B148: 3 | C148: Alimbongo | D148: Alimbongo | E148: CD610501 | F148: pcode | G148: 46297 | H148: cases | I148: confirmed | J148: cumulative | K148: 4 | L148: count | M148: INRB-UMIE | N148: https://raw.githubusercontent.com/INRB-UMIE/BDBV2026-Data/main/data/insp_sitrep/processed/insp_sitrep__cumulative_confirmed_cases__daily.csv | Z148: Normal
A149: COD | B149: 3 | C149: Alimbongo | D149: Alimbongo | E149: CD610501 | F149: pcode | G149: 46298 | H149: cases | I149: confirmed | J149: cumulative | K149: 4 | L149: count | M149: INRB-UMIE | N149: https://raw.githubusercontent.com/INRB-UMIE/BDBV2026-Data/main/data/insp_sitrep/processed/insp_sitrep__cumulative_confirmed_cases__daily.csv | V149: 4 | W149: 0 | X149: 46297 | Y149: 1 | Z149: Normal | AA149: 0
A150: COD | B150: 3 | C150: Alimbongo | D150: Alimbongo | E150: CD610501 | F150: pcode | G150: 46299 | H150: cases | I150: confirmed | J150: cumulative | K150: 4 | L150: count | M150: INRB-UMIE | N150: https://raw.githubusercontent.com/INRB-UMIE/BDBV2026-Data/main/data/insp_sitrep/processed/insp_sitrep__cumulative_confirmed_cases__daily.csv | V150: 4 | W150: 0 | X150: 46298 | Y150: 1 | Z150: Normal | AA150: 0
A151: COD | B151: 3 | C151: Alimbongo | D151: Alimbongo | E151: CD610501 | F151: pcode | G151: 46300 | H151: cases | I151: confirmed | J151: cumulative | K151: 4 | L151: count | M151: INRB-UMIE | N151: https://raw.githubusercontent.com/INRB-UMIE/BDBV2026-Data/main/data/insp_sitrep/processed/insp_sitrep__cumulative_confirmed_cases__daily.csv | V151: 4 | W151: 0 | X151: 46299 | Y151: 1 | Z151: Normal | AA151: 0
A152: COD | B152: 3 | C152: Alimbongo | D152: Alimbongo | E152: CD610501 | F152: pcode | G152: 46301 | H152: cases | I152: confirmed | J152: cumulative | K152: 5 | L152: count | M152: INRB-UMIE | N152: https://raw.githubusercontent.com/INRB-UMIE/BDBV2026-Data/main/data/insp_sitrep/processed/insp_sitrep__cumulative_confirmed_cases__daily.csv | V152: 4 | W152: 1 | X152: 46300 | Y152: 1 | Z152: Normal | AA152: 0.25
A153: COD | B153: 3 | C153: Alimbongo | D153: Alimbongo | E153: CD610501 | F153: pcode | G153: 46304 | H153: cases | I153: confirmed | J153: cumulative | K153: 5 | L153: count | M153: INRB-UMIE | N153: https://raw.githubusercontent.com/INRB-UMIE/BDBV2026-Data/main/data/insp_sitrep/processed/insp_sitrep__cumulative_confirmed_cases__daily.csv | V153: 5 | W153: 0 | X153: 46301 | Y153: 3 | Z153: Reporting Gap (>1 Day) | AA153: 0.2
A154: COD | B154: 3 | C154: Alimbongo | D154: Alimbongo | E154: CD610501 | F154: pcode | G154: 46305 | H154: cases | I154: confirmed | J154: cumulative | K154: 5 | L154: count | M154: INRB-UMIE | N154: https://raw.githubusercontent.com/INRB-UMIE/BDBV2026-Data/main/data/insp_sitrep/processed/insp_sitrep__cumulative_confirmed_cases__daily.csv | V154: 5 | W154: 0 | X154: 46304 | Y154: 1 | Z154: Normal | AA154: 0.16666667
A155: COD | B155: 3 | C155: Alimbongo | D155: Alimbongo | E155: CD610501 | F155: pcode | G155: 46306 | H155: cases | I155: confirmed | J155: cumulative | K155: 5 | L155: count | M155: INRB-UMIE | N155: https://raw.githubusercontent.com/INRB-UMIE/BDBV2026-Data/main/data/insp_sitrep/processed/insp_sitrep__cumulative_confirmed_cases__daily.csv | V155: 5 | W155: 0 | X155: 46305 | Y155: 1 | Z155: Normal | AA155: 0.14285714
A156: COD | B156: 3 | C156: Alimbongo | D156: Alimbongo | E156: CD610501 | F156: pcode | G156: 46307 | H156: cases | I156: confirmed | J156: cumulative | K156: 5 | L156: count | M156: INRB-UMIE | N156: https://raw.githubusercontent.com/INRB-UMIE/BDBV2026-Data/main/data/insp_sitrep/processed/insp_sitrep__cumulative_confirmed_cases__daily.csv | V156: 5 | W156: 0 | X156: 46306 | Y156: 1 | Z156: Normal | AA156: 0.14285714
A157: COD | B157: 3 | C157: Alimbongo | D157: Alimbongo | E157: CD610501 | F157: pcode | G157: 46308 | H157: cases | I157: confirmed | J157: cumulative | K157: 5 | L157: count | M157: INRB-UMIE | N157: https://raw.githubusercontent.com/INRB-UMIE/BDBV2026-Data/main/data/insp_sitrep/processed/insp_sitrep__cumulative_confirmed_cases__daily.csv | V157: 5 | W157: 0 | X157: 46307 | Y157: 1 | Z157: Normal | AA157: 0.14285714
A158: COD | B158: 3 | C158: Alimbongo | D158: Alimbongo | E158: CD610501 | F158: pcode | G158: 46309 | H158: cases | I158: confirmed | J158: cumulative | K158: 5 | L158: count | M158: INRB-UMIE | N158: https://raw.githubusercontent.com/INRB-UMIE/BDBV2026-Data/main/data/insp_sitrep/processed/insp_sitrep__cumulative_confirmed_cases__daily.csv | V158: 5 | W158: 0 | X158: 46308 | Y158: 1 | Z158: Normal | AA158: 0.14285714
A159: COD | B159: 3 | C159: Alimbongo | D159: Alimbongo | E159: CD610501 | F159: pcode | G159: 46310 | H159: cases | I159: confirmed | J159: cumulative | K159: 5 | L159: count | M159: INRB-UMIE | N159: https://raw.githubusercontent.com/INRB-UMIE/BDBV2026-Data/main/data/insp_sitrep/processed/insp_sitrep__cumulative_confirmed_cases__daily.csv | V159: 5 | W159: 0 | X159: 46309 | Y159: 1 | Z159: Normal | AA159: 0
A160: COD | B160: 3 | C160: Alimbongo | D160: Alimbongo | E160: CD610501 | F160: pcode | G160: 46311 | H160: cases | I160: confirmed | J160: cumulative | K160: 5 | L160: count | M160: INRB-UMIE | N160: https://raw.githubusercontent.com/INRB-UMIE/BDBV2026-Data/main/data/insp_sitrep/processed/insp_sitrep__cumulative_confirmed_cases__daily.csv | V160: 5 | W160: 0 | X160: 46310 | Y160: 1 | Z160: Normal | AA160: 0
... A164: COD | B164: 3 | C164: Alimbongo | D164: Alimbongo | E164: CD610501 | F164: pcode | G164: 46316 | H164: cases | I164: confirmed | J164: cumulative | K164: 5 | L164: count | M164: INRB-UMIE | N164: https://raw.githubusercontent.com/INRB-UMIE/BDBV2026-Data/main/data/insp_sitrep/processed/insp_sitrep__cumulative_confirmed_cases__daily.csv | V164: 5 | W164: 0 | X164: 46314 | Y164: 2 | Z164: Reporting Gap (>1 Day) | AA164: 0
A165: COD | B165: 3 | C165: Alimbongo | D165: Alimbongo | E165: CD610501 | F165: pcode | G165: 46297 | H165: deaths | I165: confirmed | J165: cumulative | K165: 2 | L165: count | M165: INRB-UMIE | N165: https://raw.githubusercontent.com/INRB-UMIE/BDBV2026-Data/main/data/insp_sitrep/processed/insp_sitrep__cumulative_confirmed_deaths__daily.csv | Z165: Normal
A166: COD | B166: 3 | C166: Alimbongo | D166: Alimbongo | E166: CD610501 | F166: pcode | G166: 46298 | H166: deaths | I166: confirmed | J166: cumulative | K166: 2 | L166: count | M166: INRB-UMIE | N166: https://raw.githubusercontent.com/INRB-UMIE/BDBV2026-Data/main/data/insp_sitrep/processed/insp_sitrep__cumulative_confirmed_deaths__daily.csv | V166: 2 | W166: 0 | X166: 46297 | Y166: 1 | Z166: Normal | AA166: 0
A167: COD | B167: 3 | C167: Alimbongo | D167: Alimbongo | E167: CD610501 | F167: pcode | G167: 46299 | H167: deaths | I167: confirmed | J167: cumulative | K167: 2 | L167: count | M167: INRB-UMIE | N167: https://raw.githubusercontent.com/INRB-UMIE/BDBV2026-Data/main/data/insp_sitrep/processed/insp_sitrep__cumulative_confirmed_deaths__daily.csv | V167: 2 | W167: 0 | X167: 46298 | Y167: 1 | Z167: Normal | AA167: 0
A168: COD | B168: 3 | C168: Alimbongo | D168: Alimbongo | E168: CD610501 | F168: pcode | G168: 46300 | H168: deaths | I168: confirmed | J168: cumulative | K168: 2 | L168: count | M168: INRB-UMIE | N168: https://raw.githubusercontent.com/INRB-UMIE/BDBV2026-Data/main/data/insp_sitrep/processed/insp_sitrep__cumulative_confirmed_deaths__daily.csv | V168: 2 | W168: 0 | X168: 46299 | Y168: 1 | Z168: Normal | AA168: 0
A169: COD | B169: 3 | C169: Alimbongo | D169: Alimbongo | E169: CD610501 | F169: pcode | G169: 46301 | H169: deaths | I169: confirmed | J169: cumulative | K169: 3 | L169: count | M169: INRB-UMIE | N169: https://raw.githubusercontent.com/INRB-UMIE/BDBV2026-Data/main/data/insp_sitrep/processed/insp_sitrep__cumulative_confirmed_deaths__daily.csv | V169: 2 | W169: 1 | X169: 46300 | Y169: 1 | Z169: Normal | AA169: 0.25
A170: COD | B170: 3 | C170: Alimbongo | D170: Alimbongo | E170: CD610501 | F170: pcode | G170: 46304 | H170: deaths | I170: confirmed | J170: cumulative | K170: 3 | L170: count | M170: INRB-UMIE | N170: https://raw.githubusercontent.com/INRB-UMIE/BDBV2026-Data/main/data/insp_sitrep/processed/insp_sitrep__cumulative_confirmed_deaths__daily.csv | V170: 3 | W170: 0 | X170: 46301 | Y170: 3 | Z170: Reporting Gap (>1 Day) | AA170: 0.2
A171: COD | B171: 3 | C171: Alimbongo | D171: Alimbongo | E171: CD610501 | F171: pcode | G171: 46305 | H171: deaths | I171: confirmed | J171: cumulative | K171: 3 | L171: count | M171: INRB-UMIE | N171: https://raw.githubusercontent.com/INRB-UMIE/BDBV2026-Data/main/data/insp_sitrep/processed/insp_sitrep__cumulative_confirmed_deaths__daily.csv | V171: 3 | W171: 0 | X171: 46304 | Y171: 1 | Z171: Normal | AA171: 0.16666667
A172: COD | B172: 3 | C172: Alimbongo | D172: Alimbongo | E172: CD610501 | F172: pcode | G172: 46306 | H172: deaths | I172: confirmed | J172: cumulative | K172: 3 | L172: count | M172: INRB-UMIE | N172: https://raw.githubusercontent.com/INRB-UMIE/BDBV2026-Data/main/data/insp_sitrep/processed/insp_sitrep__cumulative_confirmed_deaths__daily.csv | V172: 3 | W172: 0 | X172: 46305 | Y172: 1 | Z172: Normal | AA172: 0.14285714
A173: COD | B173: 3 | C173: Alimbongo | D173: Alimbongo | E173: CD610501 | F173: pcode | G173: 46307 | H173: deaths | I173: confirmed | J173: cumulative | K173: 3 | L173: count | M173: INRB-UMIE | N173: https://raw.githubusercontent.com/INRB-UMIE/BDBV2026-Data/main/data/insp_sitrep/processed/insp_sitrep__cumulative_confirmed_deaths__daily.csv | V173: 3 | W173: 0 | X173: 46306 | Y173: 1 | Z173: Normal | AA173: 0.14285714
A174: COD | B174: 3 | C174: Alimbongo | D174: Alimbongo | E174: CD610501 | F174: pcode | G174: 46308 | H174: deaths | I174: confirmed | J174: cumulative | K174: 3 | L174: count | M174: INRB-UMIE | N174: https://raw.githubusercontent.com/INRB-UMIE/BDBV2026-Data/main/data/insp_sitrep/processed/insp_sitrep__cumulative_confirmed_deaths__daily.csv | V174: 3 | W174: 0 | X174: 46307 | Y174: 1 | Z174: Normal | AA174: 0.14285714
A175: COD | B175: 3 | C175: Alimbongo | D175: Alimbongo | E175: CD610501 | F175: pcode | G175: 46309 | H175: deaths | I175: confirmed | J175: cumulative | K175: 3 | L175: count | M175: INRB-UMIE | N175: https://raw.githubusercontent.com/INRB-UMIE/BDBV2026-Data/main/data/insp_sitrep/processed/insp_sitrep__cumulative_confirmed_deaths__daily.csv | V175: 3 | W175: 0 | X175: 46308 | Y175: 1 | Z175: Normal | AA175: 0.14285714
A176: COD | B176: 3 | C176: Alimbongo | D176: Alimbongo | E176: CD610501 | F176: pcode | G176: 46310 | H176: deaths | I176: confirmed | J176: cumulative | K176: 3 | L176: count | M176: INRB-UMIE | N176: https://raw.githubusercontent.com/INRB-UMIE/BDBV2026-Data/main/data/insp_sitrep/processed/insp_sitrep__cumulative_confirmed_deaths__daily.csv | V176: 3 | W176: 0 | X176: 46309 | Y176: 1 | Z176: Normal | AA176: 0
A177: COD | B177: 3 | C177: Alimbongo | D177: Alimbongo | E177: CD610501 | F177: pcode | G177: 46311 | H177: deaths | I177: confirmed | J177: cumulative | K177: 3 | L177: count | M177: INRB-UMIE | N177: https://raw.githubusercontent.com/INRB-UMIE/BDBV2026-Data/main/data/insp_sitrep/processed/insp_sitrep__cumulative_confirmed_deaths__daily.csv | V177: 3 | W177: 0 | X177: 46310 | Y177: 1 | Z177: Normal | AA177: 0
... A181: COD | B181: 3 | C181: Alimbongo | D181: Alimbongo | E181: CD610501 | F181: pcode | G181: 46316 | H181: deaths | I181: confirmed | J181: cumulative | K181: 3 | L181: count | M181: INRB-UMIE | N181: https://raw.githubusercontent.com/INRB-UMIE/BDBV2026-Data/main/data/insp_sitrep/processed/insp_sitrep__cumulative_confirmed_deaths__daily.csv | V181: 3 | W181: 0 | X181: 46314 | Y181: 2 | Z181: Reporting Gap (>1 Day) | AA181: 0
A182: COD | B182: 3 | C182: Ango | D182: Ango | E182: CD520701 | F182: pcode | G182: 46307 | H182: cases | I182: confirmed | J182: cumulative | K182: 1 | L182: count | M182: INRB-UMIE | N182: https://raw.githubusercontent.com/INRB-UMIE/BDBV2026-Data/main/data/insp_sitrep/processed/insp_sitrep__cumulative_confirmed_cases__daily.csv | Z182: Normal
A183: COD | B183: 3 | C183: Ango | D183: Ango | E183: CD520701 | F183: pcode | G183: 46308 | H183: cases | I183: confirmed | J183: cumulative | K183: 1 | L183: count | M183: INRB-UMIE | N183: https://raw.githubusercontent.com/INRB-UMIE/BDBV2026-Data/main/data/insp_sitrep/processed/insp_sitrep__cumulative_confirmed_cases__daily.csv | V183: 1 | W183: 0 | X183: 46307 | Y183: 1 | Z183: Normal | AA183: 0
A184: COD | B184: 3 | C184: Ango | D184: Ango | E184: CD520701 | F184: pcode | G184: 46309 | H184: cases | I184: confirmed | J184: cumulative | K184: 1 | L184: count | M184: INRB-UMIE | N184: https://raw.githubusercontent.com/INRB-UMIE/BDBV2026-Data/main/data/insp_sitrep/processed/insp_sitrep__cumulative_confirmed_cases__daily.csv | V184: 1 | W184: 0 | X184: 46308 | Y184: 1 | Z184: Normal | AA184: 0
A185: COD | B185: 3 | C185: Ango | D185: Ango | E185: CD520701 | F185: pcode | G185: 46310 | H185: cases | I185: confirmed | J185: cumulative | K185: 1 | L185: count | M185: INRB-UMIE | N185: https://raw.githubusercontent.com/INRB-UMIE/BDBV2026-Data/main/data/insp_sitrep/processed/insp_sitrep__cumulative_confirmed_cases__daily.csv | V185: 1 | W185: 0 | X185: 46309 | Y185: 1 | Z185: Normal | AA185: 0
A186: COD | B186: 3 | C186: Ango | D186: Ango | E186: CD520701 | F186: pcode | G186: 46311 | H186: cases | I186: confirmed | J186: cumulative | K186: 1 | L186: count | M186: INRB-UMIE | N186: https://raw.githubusercontent.com/INRB-UMIE/BDBV2026-Data/main/data/insp_sitrep/processed/insp_sitrep__cumulative_confirmed_cases__daily.csv | V186: 1 | W186: 0 | X186: 46310 | Y186: 1 | Z186: Normal | AA186: 0
A187: COD | B187: 3 | C187: Ango | D187: Ango | E187: CD520701 | F187: pcode | G187: 46312 | H187: cases | I187: confirmed | J187: cumulative | K187: 1 | L187: count | M187: INRB-UMIE | N187: https://raw.githubusercontent.com/INRB-UMIE/BDBV2026-Data/main/data/insp_sitrep/processed/insp_sitrep__cumulative_confirmed_cases__daily.csv | V187: 1 | W187: 0 | X187: 46311 | Y187: 1 | Z187: Normal | AA187: 0
A188: COD | B188: 3 | C188: Ango | D188: Ango | E188: CD520701 | F188: pcode | G188: 46313 | H188: cases | I188: confirmed | J188: cumulative | K188: 1 | L188: count | M188: INRB-UMIE | N188: https://raw.githubusercontent.com/INRB-UMIE/BDBV2026-Data/main/data/insp_sitrep/processed/insp_sitrep__cumulative_confirmed_cases__daily.csv | V188: 1 | W188: 0 | X188: 46312 | Y188: 1 | Z188: Normal | AA188: 0
A189: COD | B189: 3 | C189: Ango | D189: Ango | E189: CD520701 | F189: pcode | G189: 46314 | H189: cases | I189: confirmed | J189: cumulative | K189: 1 | L189: count | M189: INRB-UMIE | N189: https://raw.githubusercontent.com/INRB-UMIE/BDBV2026-Data/main/data/insp_sitrep/processed/insp_sitrep__cumulative_confirmed_cases__daily.csv | V189: 1 | W189: 0 | X189: 46313 | Y189: 1 | Z189: Normal | AA189: 0
A190: COD | B190: 3 | C190: Ango | D190: Ango | E190: CD520701 | F190: pcode | G190: 46316 | H190: cases | I190: confirmed | J190: cumulative | K190: 1 | L190: count | M190: INRB-UMIE | N190: https://raw.githubusercontent.com/INRB-UMIE/BDBV2026-Data/main/data/insp_sitrep/processed/insp_sitrep__cumulative_confirmed_cases__daily.csv | V190: 1 | W190: 0 | X190: 46314 | Y190: 2 | Z190: Reporting Gap (>1 Day) | AA190: 0
A191: COD | B191: 3 | C191: Ango | D191: Ango | E191: CD520701 | F191: pcode | G191: 46307 | H191: deaths | I191: confirmed | J191: cumulative | K191: 0 | L191: count | M191: INRB-UMIE | N191: https://raw.githubusercontent.com/INRB-UMIE/BDBV2026-Data/main/data/insp_sitrep/processed/insp_sitrep__cumulative_confirmed_deaths__daily.csv | Z191: Normal
A192: COD | B192: 3 | C192: Ango | D192: Ango | E192: CD520701 | F192: pcode | G192: 46308 | H192: deaths | I192: confirmed | J192: cumulative | K192: 0 | L192: count | M192: INRB-UMIE | N192: https://raw.githubusercontent.com/INRB-UMIE/BDBV2026-Data/main/data/insp_sitrep/processed/insp_sitrep__cumulative_confirmed_deaths__daily.csv | V192: 0 | W192: 0 | X192: 46307 | Y192: 1 | Z192: Normal | AA192: 0
A193: COD | B193: 3 | C193: Ango | D193: Ango | E193: CD520701 | F193: pcode | G193: 46309 | H193: deaths | I193: confirmed | J193: cumulative | K193: 0 | L193: count | M193: INRB-UMIE | N193: https://raw.githubusercontent.com/INRB-UMIE/BDBV2026-Data/main/data/insp_sitrep/processed/insp_sitrep__cumulative_confirmed_deaths__daily.csv | V193: 0 | W193: 0 | X193: 46308 | Y193: 1 | Z193: Normal | AA193: 0
A194: COD | B194: 3 | C194: Ango | D194: Ango | E194: CD520701 | F194: pcode | G194: 46310 | H194: deaths | I194: confirmed | J194: cumulative | K194: 0 | L194: count | M194: INRB-UMIE | N194: https://raw.githubusercontent.com/INRB-UMIE/BDBV2026-Data/main/data/insp_sitrep/processed/insp_sitrep__cumulative_confirmed_deaths__daily.csv | V194: 0 | W194: 0 | X194: 46309 | Y194: 1 | Z194: Normal | AA194: 0
A195: COD | B195: 3 | C195: Ango | D195: Ango | E195: CD520701 | F195: pcode | G195: 46311 | H195: deaths | I195: confirmed | J195: cumulative | K195: 0 | L195: count | M195: INRB-UMIE | N195: https://raw.githubusercontent.com/INRB-UMIE/BDBV2026-Data/main/data/insp_sitrep/processed/insp_sitrep__cumulative_confirmed_deaths__daily.csv | V195: 0 | W195: 0 | X195: 46310 | Y195: 1 | Z195: Normal | AA195: 0
A196: COD | B196: 3 | C196: Ango | D196: Ango | E196: CD520701 | F196: pcode | G196: 46312 | H196: deaths | I196: confirmed | J196: cumulative | K196: 0 | L196: count | M196: INRB-UMIE | N196: https://raw.githubusercontent.com/INRB-UMIE/BDBV2026-Data/main/data/insp_sitrep/processed/insp_sitrep__cumulative_confirmed_deaths__daily.csv | V196: 0 | W196: 0 | X196: 46311 | Y196: 1 | Z196: Normal | AA196: 0
A197: COD | B197: 3 | C197: Ango | D197: Ango | E197: CD520701 | F197: pcode | G197: 46313 | H197: deaths | I197: confirmed | J197: cumulative | K197: 0 | L197: count | M197: INRB-UMIE | N197: https://raw.githubusercontent.com/INRB-UMIE/BDBV2026-Data/main/data/insp_sitrep/processed/insp_sitrep__cumulative_confirmed_deaths__daily.csv | V197: 0 | W197: 0 | X197: 46312 | Y197: 1 | Z197: Normal | AA197: 0
A198: COD | B198: 3 | C198: Ango | D198: Ango | E198: CD520701 | F198: pcode | G198: 46314 | H198: deaths | I198: confirmed | J198: cumulative | K198: 0 | L198: count | M198: INRB-UMIE | N198: https://raw.githubusercontent.com/INRB-UMIE/BDBV2026-Data/main/data/insp_sitrep/processed/insp_sitrep__cumulative_confirmed_deaths__daily.csv | V198: 0 | W198: 0 | X198: 46313 | Y198: 1 | Z198: Normal | AA198: 0
A199: COD | B199: 3 | C199: Ango | D199: Ango | E199: CD520701 | F199: pcode | G199: 46316 | H199: deaths | I199: confirmed | J199: cumulative | K199: 0 | L199: count | M199: INRB-UMIE | N199: https://raw.githubusercontent.com/INRB-UMIE/BDBV2026-Data/main/data/insp_sitrep/processed/insp_sitrep__cumulative_confirmed_deaths__daily.csv | V199: 0 | W199: 0 | X199: 46314 | Y199: 2 | Z199: Reporting Gap (>1 Day) | AA199: 0
A200: COD | B200: 3 | C200: Ariwara | D200: Ariwara | E200: CD540903 | F200: pcode | G200: 46214 | H200: cases | I200: confirmed | J200: cumulative | K200: 1 | L200: count | M200: INRB-UMIE | N200: https://raw.githubusercontent.com/INRB-UMIE/BDBV2026-Data/main/data/insp_sitrep/processed/insp_sitrep__cumulative_confirmed_cases__daily.csv | Z200: Normal
A201: COD | B201: 3 | C201: Ariwara | D201: Ariwara | E201: CD540903 | F201: pcode | G201: 46216 | H201: cases | I201: confirmed | J201: cumulative | K201: 1 | L201: count | M201: INRB-UMIE | N201: https://raw.githubusercontent.com/INRB-UMIE/BDBV2026-Data/main/data/insp_sitrep/processed/insp_sitrep__cumulative_confirmed_cases__daily.csv | V201: 1 | W201: 0 | X201: 46214 | Y201: 2 | Z201: Reporting Gap (>1 Day) | AA201: 0
A202: COD | B202: 3 | C202: Ariwara | D202: Ariwara | E202: CD540903 | F202: pcode | G202: 46218 | H202: cases | I202: confirmed | J202: cumulative | K202: 1 | L202: count | M202: INRB-UMIE | N202: https://raw.githubusercontent.com/INRB-UMIE/BDBV2026-Data/main/data/insp_sitrep/processed/insp_sitrep__cumulative_confirmed_cases__daily.csv | V202: 1 | W202: 0 | X202: 46216 | Y202: 2 | Z202: Reporting Gap (>1 Day) | AA202: 0
A203: COD | B203: 3 | C203: Ariwara | D203: Ariwara | E203: CD540903 | F203: pcode | G203: 46220 | H203: cases | I203: confirmed | J203: cumulative | K203: 6 | L203: count | M203: INRB-UMIE | N203: https://raw.githubusercontent.com/INRB-UMIE/BDBV2026-Data/main/data/insp_sitrep/processed/insp_sitrep__cumulative_confirmed_cases__daily.csv | V203: 1 | W203: 5 | X203: 46218 | Y203: 2 | Z203: Reporting Gap (>1 Day) | AA203: 1.6666667
A204: COD | B204: 3 | C204: Ariwara | D204: Ariwara | E204: CD540903 | F204: pcode | G204: 46221 | H204: cases | I204: confirmed | J204: cumulative | K204: 6 | L204: count | M204: INRB-UMIE | N204: https://raw.githubusercontent.com/INRB-UMIE/BDBV2026-Data/main/data/insp_sitrep/processed/insp_sitrep__cumulative_confirmed_cases__daily.csv | V204: 6 | W204: 0 | X204: 46220 | Y204: 1 | Z204: Normal | AA204: 1.25
A205: COD | B205: 3 | C205: Ariwara | D205: Ariwara | E205: CD540903 | F205: pcode | G205: 46222 | H205: cases | I205: confirmed | J205: cumulative | K205: 7 | L205: count | M205: INRB-UMIE | N205: https://raw.githubusercontent.com/INRB-UMIE/BDBV2026-Data/main/data/insp_sitrep/processed/insp_sitrep__cumulative_confirmed_cases__daily.csv | V205: 6 | W205: 1 | X205: 46221 | Y205: 1 | Z205: Normal | AA205: 1.2
A206: COD | B206: 3 | C206: Ariwara | D206: Ariwara | E206: CD540903 | F206: pcode | G206: 46223 | H206: cases | I206: confirmed | J206: cumulative | K206: 10 | L206: count | M206: INRB-UMIE | N206: https://raw.githubusercontent.com/INRB-UMIE/BDBV2026-Data/main/data/insp_sitrep/processed/insp_sitrep__cumulative_confirmed_cases__daily.csv | V206: 7 | W206: 3 | X206: 46222 | Y206: 1 | Z206: Normal | AA206: 1.5
A207: COD | B207: 3 | C207: Ariwara | D207: Ariwara | E207: CD540903 | F207: pcode | G207: 46225 | H207: cases | I207: confirmed | J207: cumulative | K207: 7 | L207: count | M207: INRB-UMIE | N207: https://raw.githubusercontent.com/INRB-UMIE/BDBV2026-Data/main/data/insp_sitrep/processed/insp_sitrep__cumulative_confirmed_cases__daily.csv | V207: 10 | W207: -3 | X207: 46223 | Y207: 2 | Z207: Downward Revision; Reporting Gap (>1 Day) | AA207: 0.85714286
A208: COD | B208: 3 | C208: Ariwara | D208: Ariwara | E208: CD540903 | F208: pcode | G208: 46226 | H208: cases | I208: confirmed | J208: cumulative | K208: 7 | L208: count | M208: INRB-UMIE | N208: https://raw.githubusercontent.com/INRB-UMIE/BDBV2026-Data/main/data/insp_sitrep/processed/insp_sitrep__cumulative_confirmed_cases__daily.csv | V208: 7 | W208: 0 | X208: 46225 | Y208: 1 | Z208: Normal | AA208: 0.85714286
A209: COD | B209: 3 | C209: Ariwara | D209: Ariwara | E209: CD540903 | F209: pcode | G209: 46228 | H209: cases | I209: confirmed | J209: cumulative | K209: 7 | L209: count | M209: INRB-UMIE | N209: https://raw.githubusercontent.com/INRB-UMIE/BDBV2026-Data/main/data/insp_sitrep/processed/insp_sitrep__cumulative_confirmed_cases__daily.csv | V209: 7 | W209: 0 | X209: 46226 | Y209: 2 | Z209: Reporting Gap (>1 Day) | AA209: 0.85714286
A210: COD | B210: 3 | C210: Ariwara | D210: Ariwara | E210: CD540903 | F210: pcode | G210: 46229 | H210: cases | I210: confirmed | J210: cumulative | K210: 7 | L210: count | M210: INRB-UMIE | N210: https://raw.githubusercontent.com/INRB-UMIE/BDBV2026-Data/main/data/insp_sitrep/processed/insp_sitrep__cumulative_confirmed_cases__daily.csv | V210: 7 | W210: 0 | X210: 46228 | Y210: 1 | Z210: Normal | AA210: 0.14285714
A211: COD | B211: 3 | C211: Ariwara | D211: Ariwara | E211: CD540903 | F211: pcode | G211: 46230 | H211: cases | I211: confirmed | J211: cumulative | K211: 7 | L211: count | M211: INRB-UMIE | N211: https://raw.githubusercontent.com/INRB-UMIE/BDBV2026-Data/main/data/insp_sitrep/processed/insp_sitrep__cumulative_confirmed_cases__daily.csv | V211: 7 | W211: 0 | X211: 46229 | Y211: 1 | Z211: Normal | AA211: 0.14285714
A212: COD | B212: 3 | C212: Ariwara | D212: Ariwara | E212: CD540903 | F212: pcode | G212: 46233 | H212: cases | I212: confirmed | J212: cumulative | K212: 7 | L212: count | M212: INRB-UMIE | N212: https://raw.githubusercontent.com/INRB-UMIE/BDBV2026-Data/main/data/insp_sitrep/processed/insp_sitrep__cumulative_confirmed_cases__daily.csv | V212: 7 | W212: 0 | X212: 46230 | Y212: 3 | Z212: Reporting Gap (>1 Day) | AA212: 0
... A277: COD | B277: 3 | C277: Ariwara | D277: Ariwara | E277: CD540903 | F277: pcode | G277: 46316 | H277: cases | I277: confirmed | J277: cumulative | K277: 8 | L277: count | M277: INRB-UMIE | N277: https://raw.githubusercontent.com/INRB-UMIE/BDBV2026-Data/main/data/insp_sitrep/processed/insp_sitrep__cumulative_confirmed_cases__daily.csv | V277: 8 | W277: 0 | X277: 46314 | Y277: 2 | Z277: Reporting Gap (>1 Day) | AA277: 0
A278: COD | B278: 3 | C278: Ariwara | D278: Ariwara | E278: CD540903 | F278: pcode | G278: 46214 | H278: deaths | I278: confirmed | J278: cumulative | K278: 1 | L278: count | M278: INRB-UMIE | N278: https://raw.githubusercontent.com/INRB-UMIE/BDBV2026-Data/main/data/insp_sitrep/processed/insp_sitrep__cumulative_confirmed_deaths__daily.csv | Z278: Normal
A279: COD | B279: 3 | C279: Ariwara | D279: Ariwara | E279: CD540903 | F279: pcode | G279: 46216 | H279: deaths | I279: confirmed | J279: cumulative | K279: 1 | L279: count | M279: INRB-UMIE | N279: https://raw.githubusercontent.com/INRB-UMIE/BDBV2026-Data/main/data/insp_sitrep/processed/insp_sitrep__cumulative_confirmed_deaths__daily.csv | V279: 1 | W279: 0 | X279: 46214 | Y279: 2 | Z279: Reporting Gap (>1 Day) | AA279: 0
A280: COD | B280: 3 | C280: Ariwara | D280: Ariwara | E280: CD540903 | F280: pcode | G280: 46218 | H280: deaths | I280: confirmed | J280: cumulative | K280: 1 | L280: count | M280: INRB-UMIE | N280: https://raw.githubusercontent.com/INRB-UMIE/BDBV2026-Data/main/data/insp_sitrep/processed/insp_sitrep__cumulative_confirmed_deaths__daily.csv | V280: 1 | W280: 0 | X280: 46216 | Y280: 2 | Z280: Reporting Gap (>1 Day) | AA280: 0
A281: COD | B281: 3 | C281: Ariwara | D281: Ariwara | E281: CD540903 | F281: pcode | G281: 46220 | H281: deaths | I281: confirmed | J281: cumulative | K281: 1 | L281: count | M281: INRB-UMIE | N281: https://raw.githubusercontent.com/INRB-UMIE/BDBV2026-Data/main/data/insp_sitrep/processed/insp_sitrep__cumulative_confirmed_deaths__daily.csv | V281: 1 | W281: 0 | X281: 46218 | Y281: 2 | Z281: Reporting Gap (>1 Day) | AA281: 0
A282: COD | B282: 3 | C282: Ariwara | D282: Ariwara | E282: CD540903 | F282: pcode | G282: 46221 | H282: deaths | I282: confirmed | J282: cumulative | K282: 1 | L282: count | M282: INRB-UMIE | N282: https://raw.githubusercontent.com/INRB-UMIE/BDBV2026-Data/main/data/insp_sitrep/processed/insp_sitrep__cumulative_confirmed_deaths__daily.csv | V282: 1 | W282: 0 | X282: 46220 | Y282: 1 | Z282: Normal | AA282: 0
A283: COD | B283: 3 | C283: Ariwara | D283: Ariwara | E283: CD540903 | F283: pcode | G283: 46222 | H283: deaths | I283: confirmed | J283: cumulative | K283: 1 | L283: count | M283: INRB-UMIE | N283: https://raw.githubusercontent.com/INRB-UMIE/BDBV2026-Data/main/data/insp_sitrep/processed/insp_sitrep__cumulative_confirmed_deaths__daily.csv | V283: 1 | W283: 0 | X283: 46221 | Y283: 1 | Z283: Normal | AA283: 0
A284: COD | B284: 3 | C284: Ariwara | D284: Ariwara | E284: CD540903 | F284: pcode | G284: 46223 | H284: deaths | I284: confirmed | J284: cumulative | K284: 1 | L284: count | M284: INRB-UMIE | N284: https://raw.githubusercontent.com/INRB-UMIE/BDBV2026-Data/main/data/insp_sitrep/processed/insp_sitrep__cumulative_confirmed_deaths__daily.csv | V284: 1 | W284: 0 | X284: 46222 | Y284: 1 | Z284: Normal | AA284: 0
A285: COD | B285: 3 | C285: Ariwara | D285: Ariwara | E285: CD540903 | F285: pcode | G285: 46225 | H285: deaths | I285: confirmed | J285: cumulative | K285: 1 | L285: count | M285: INRB-UMIE | N285: https://raw.githubusercontent.com/INRB-UMIE/BDBV2026-Data/main/data/insp_sitrep/processed/insp_sitrep__cumulative_confirmed_deaths__daily.csv | V285: 1 | W285: 0 | X285: 46223 | Y285: 2 | Z285: Reporting Gap (>1 Day) | AA285: 0
A286: COD | B286: 3 | C286: Ariwara | D286: Ariwara | E286: CD540903 | F286: pcode | G286: 46226 | H286: deaths | I286: confirmed | J286: cumulative | K286: 1 | L286: count | M286: INRB-UMIE | N286: https://raw.githubusercontent.com/INRB-UMIE/BDBV2026-Data/main/data/insp_sitrep/processed/insp_sitrep__cumulative_confirmed_deaths__daily.csv | V286: 1 | W286: 0 | X286: 46225 | Y286: 1 | Z286: Normal | AA286: 0
A287: COD | B287: 3 | C287: Ariwara | D287: Ariwara | E287: CD540903 | F287: pcode | G287: 46228 | H287: deaths | I287: confirmed | J287: cumulative | K287: 1 | L287: count | M287: INRB-UMIE | N287: https://raw.githubusercontent.com/INRB-UMIE/BDBV2026-Data/main/data/insp_sitrep/processed/insp_sitrep__cumulative_confirmed_deaths__daily.csv | V287: 1 | W287: 0 | X287: 46226 | Y287: 2 | Z287: Reporting Gap (>1 Day) | AA287: 0
A288: COD | B288: 3 | C288: Ariwara | D288: Ariwara | E288: CD540903 | F288: pcode | G288: 46229 | H288: deaths | I288: confirmed | J288: cumulative | K288: 1 | L288: count | M288: INRB-UMIE | N288: https://raw.githubusercontent.com/INRB-UMIE/BDBV2026-Data/main/data/insp_sitrep/processed/insp_sitrep__cumulative_confirmed_deaths__daily.csv | V288: 1 | W288: 0 | X288: 46228 | Y288: 1 | Z288: Normal | AA288: 0
...
